-- phpMyAdmin SQL Dump
-- version 4.0.10deb1
-- http://www.phpmyadmin.net
--
-- Máquina: localhost
-- Data de Criação: 26-Nov-2016 às 17:50
-- Versão do servidor: 5.5.53-0ubuntu0.14.04.1
-- versão do PHP: 5.5.9-1ubuntu4.20

SET SQL_MODE = "NO_AUTO_VALUE_ON_ZERO";
SET time_zone = "+00:00";


/*!40101 SET @OLD_CHARACTER_SET_CLIENT=@@CHARACTER_SET_CLIENT */;
/*!40101 SET @OLD_CHARACTER_SET_RESULTS=@@CHARACTER_SET_RESULTS */;
/*!40101 SET @OLD_COLLATION_CONNECTION=@@COLLATION_CONNECTION */;
/*!40101 SET NAMES utf8 */;

--
-- Base de Dados: `assistente_ligacoes`
--
CREATE DATABASE IF NOT EXISTS `assistente_ligacoes` DEFAULT CHARACTER SET latin1 COLLATE latin1_swedish_ci;
USE `assistente_ligacoes`;

-- --------------------------------------------------------

--
-- Estrutura da tabela `chamadas`
--

DROP TABLE IF EXISTS `chamadas`;
CREATE TABLE IF NOT EXISTS `chamadas` (
  `c_id` int(11) NOT NULL AUTO_INCREMENT,
  `inicio` datetime NOT NULL,
  `fim` datetime NOT NULL,
  `status` smallint(1) NOT NULL,
  `telefone` varchar(7) NOT NULL,
  `ramal` varchar(7) NOT NULL,
  `tipo` smallint(1) NOT NULL,
  `destino` varchar(12) NOT NULL,
  PRIMARY KEY (`c_id`),
  KEY `FK_Telefone_Chamada_idx` (`telefone`),
  KEY `FK_Ramal_Chamada` (`ramal`)
) ENGINE=InnoDB  DEFAULT CHARSET=latin1 AUTO_INCREMENT=3 ;

--
-- Truncate table before insert `chamadas`
--

TRUNCATE TABLE `chamadas`;
--
-- Extraindo dados da tabela `chamadas`
--

INSERT INTO `chamadas` (`c_id`, `inicio`, `fim`, `status`, `telefone`, `ramal`, `tipo`, `destino`) VALUES
(1, '2016-10-20 11:32:01', '2016-10-20 11:35:42', 4, '163032', '5025', 0, '1633065652'),
(2, '2016-11-26 09:08:11', '2016-11-26 09:14:37', 4, '163032', '5025', 2, '1633522022');

-- --------------------------------------------------------

--
-- Estrutura da tabela `ramais`
--

DROP TABLE IF EXISTS `ramais`;
CREATE TABLE IF NOT EXISTS `ramais` (
  `numero` varchar(4) NOT NULL,
  `prefixo` varchar(7) NOT NULL,
  `status` smallint(1) NOT NULL DEFAULT '0',
  `ativo` tinyint(1) NOT NULL DEFAULT '0',
  `responsavel` int(11) NOT NULL,
  PRIMARY KEY (`numero`),
  UNIQUE KEY `numero_UNIQUE` (`numero`),
  UNIQUE KEY `numerocompleto` (`prefixo`,`numero`),
  KEY `FK_Usuario_Ramal_idx` (`responsavel`),
  KEY `FK_Telefone_Ramal_idx` (`prefixo`)
) ENGINE=InnoDB DEFAULT CHARSET=latin1;

--
-- Truncate table before insert `ramais`
--

TRUNCATE TABLE `ramais`;
--
-- Extraindo dados da tabela `ramais`
--

INSERT INTO `ramais` (`numero`, `prefixo`, `status`, `ativo`, `responsavel`) VALUES
('1001', '163800', 0, 1, 1),
('1002', '163800', 0, 1, 2),
('1125', '167003', 0, 1, 1),
('1128', '167003', 0, 1, 1),
('1132', '167003', 0, 1, 2),
('5022', '163032', 0, 1, 2),
('5023', '163032', 0, 1, 2),
('5025', '163032', 0, 1, 1);

-- --------------------------------------------------------

--
-- Estrutura da tabela `telefones`
--

DROP TABLE IF EXISTS `telefones`;
CREATE TABLE IF NOT EXISTS `telefones` (
  `prefixo` varchar(7) NOT NULL,
  PRIMARY KEY (`prefixo`),
  UNIQUE KEY `prefixo_UNIQUE` (`prefixo`)
) ENGINE=InnoDB DEFAULT CHARSET=latin1;

--
-- Truncate table before insert `telefones`
--

TRUNCATE TABLE `telefones`;
--
-- Extraindo dados da tabela `telefones`
--

INSERT INTO `telefones` (`prefixo`) VALUES
('163032'),
('163800'),
('167003');

-- --------------------------------------------------------

--
-- Estrutura da tabela `usuarios`
--

DROP TABLE IF EXISTS `usuarios`;
CREATE TABLE IF NOT EXISTS `usuarios` (
  `u_id` int(11) NOT NULL AUTO_INCREMENT,
  `usuario` varchar(65) NOT NULL,
  `senha` varchar(128) NOT NULL,
  `nome` varchar(120) NOT NULL,
  `admin` tinyint(1) NOT NULL DEFAULT '0',
  `avatar` mediumblob,
  PRIMARY KEY (`u_id`),
  UNIQUE KEY `usuario_UNIQUE` (`usuario`),
  UNIQUE KEY `senha_UNIQUE` (`senha`)
) ENGINE=InnoDB  DEFAULT CHARSET=latin1 AUTO_INCREMENT=3 ;

--
-- Truncate table before insert `usuarios`
--

TRUNCATE TABLE `usuarios`;
--
-- Extraindo dados da tabela `usuarios`
--

INSERT INTO `usuarios` (`u_id`, `usuario`, `senha`, `nome`, `admin`, `avatar`) VALUES
(1, 'admin', '8c6976e5b5410415bde908bd4dee15dfb167a9c873fc4bb8a81f6f2ab448a918', 'Administrador', 1, 0x89504e470d0a1a0a0000000d4948445200000064000000640802000000ff800203000000017352474200aece1ce90000000467414d410000b18f0bfc6105000000097048597300000ec300000ec301c76fa864000059b549444154785e4dbc07601cc979253c8c889373ce39e79c130639079260064182040308120003020110200930000c2098c32e971bb551bb926c49b6748e3acbb22c9d6539dbe7b3659f2dd97238fb7efdaf7ab87b5e959a8546cf4cd7abf7bdef7dd535a089cd61a1c12fd4f9045ab740e3e2abd19c428d43ac7548750e85d12d501a691b6b689b6b681bab376cd842a3d1366cd88023fe132bb4567fdcec8d39fd316f305a6ebe20e93bfc518b2f66f1c5f5366f3a933bb7aff9ccee86b37b9aceec6a9ce8af9fe82f8deda83bb5ad38da971fdd5e3ad19d3dda16df9f75363b9401193ba8e0c63482389a8a1f12d7f636e60676752443b6da9a2a6f20128ca50391843f9cc031503e961bd5373a822657c8ea8b2bf456068bcbe40a6a991c8dde1c4f1722c96c34958ba7f3c96c5da6d8906f686968e96c68eb09659b4399c640aade97a8f3c40a8174a358a1a3b3b80c36bfa29aee0946f3f52dd96263aed44413190202ad974f6072f2546876aed2ca57d9842aab506d956a6d2ab3a78221a06daea66daadeb0b1125895912aff670f24cdee88c913b1f922766fd4ee230d7db32766f2a01fd129a5f164eed6ea95a1526072b0ebdcded6b37b5bceee6e1adf513cbdbdee545f7ea43b73ac3d79a439b2336649eb843e19276b90e44dd2bc499252b1f7f534efdbd93e7c60bb84cf64316b792cba2f140b4653800678f9298c70f487e3e8387c5183dd6f74066cfe0493c36770f838d630d8b1741e30c592b9582a1fcb1412d962ba509fab6f6e68e908a61bfcc91260f2c60bee680e1dadd9554d6731d9bcca1aa6c9ee2a36b601a94cb1310bb0c029bec6fd054c683c85058daf44330bd51689d626d3d909b380d7c6ca0d1bb6bec289fa4faa3298bd11933b04c8cceeb0d9f3ea6874478094ddacd369544a85f6eebdbb97a64707f39ef3031de7f77710c8f6b58cef6a38dd9b3dd1993ad6963898f7747ad4613937a513d73b550d767983453a36323c74a0ffe0beed7bfa1ab66cdecc64d0396ca680c7f20522e1642e1ccf86e399502c4db08b248291a4c9190458b8018dd9456772402b1c412ba053e65422534c668ba97c09832f36b4c4f34dde78912254de1dc9e368f727aa6a190c36af9ac1962934a5e67670902055d7982f35d3845a0f38c555da380a2b5761214d6ee6ca4d5cb991273709946691da22d3db9942256d53d5868d681534dac65750a1b77113c2d0e80a7902117f38e60f467cfea0dbeb777a831ebbd9a0d318f43a99547462741c78ad5cbd78a8ce37b6bd61f240c799dd8d67f6b68cef6c40241e6d890e641d6d6e75ce246bf6e8da7c9a9e88657e6e7a6cf4e8a181fe336323569db4b6b686c362a271392ce0a555c9a462815eafb33b9c5e7f201c4f07a2198333687405edfe244f2403a7586c3e380280e2149b92b9ba54a1942e349091d737e7eb5b81943756f044f39e48de1dcd7b13452afa788098cd13959a3b7025c0cad6352112eb9ada68d029708a473865e151307164c672a3f0320a9426e0a530383654301189b40d006bf32ba8a8980c0423a9642212f41bf55a854cae54c82d2663c0ed301bf54683dea8d7835bf164e1debd3b77eedcbef760fd784fe670736272b01b604dec6a3ebd039a9539dc18da99b47585cd5d01edee52eceab5a57367c74e9d383c3a323c3abc77e3061a9bc500ad84029e5c2a564a454a994826e6f1b83c9150a490cb2c069ddbe5b0bb7d567fc2e48ed4208e38023a9ba735583060500971870e7407c32e34b4d4b7740653f504ac781184f2447381748340aa82c031583c404ca1d982eb73a566eafa8e78a19946d1caca0758af90325048e1481a5766e45378095516ae4c07982aaa987cbe582197eb759a7824d450578c85830eab55a59073d96c994c663218f1a3d56c41876a06904b2e914e9c9bbe7fefceddb5db8f9e3e9d9f18da93b08eefeb383fd839b6bdee6477ee686b745fcebd3d6a1c3bb07de5e68da9c93333d3e7ce8e9f9c9d39978db9abaa2a09527c9e442c02a32462a15c26d1aae46201572c12cba4328d4a6d36191c5673c06df7b81c328592c51356d432214c6010468e01437dea9a3a30eca6f6ae6c7dbb3f594fd42a0eb52a02299dc55d4b20e65756d14143f0a8508f97b4a2d3d8d695ae6fc73500cb0ea4780a131a41474e9062a349f5684c898e2ed40229a727984ca61aeb0a0d855c3e93caa593d954221689f8bd1ebbd5aa944bf95c0e97c331e80c4ebbdd6a325acd268bc9644633a21971b458dd2f5e3cbbbf7ee7febdb5c74f1fdf5bbfb13da4d99f0f9ed9d382cc78bc25ba3feb58ba70eed69d9b08c0a5e5c5e52b0b7333e72fcd9d13b0abd82c269fc7954ba5c0482e952880945a69d66b756ab948c897e3b44caad7e99c369bc7e9f07b5c51bf27150da463e1ba42beaebebeb1ada7a9735b73675f73e7b696ae6daddd3bc2d9e670b629482541a442487b0d83c5e2082aab19be70bca9bd176a556aeeac6fe96aeeec2d347705b32dd1623b0d890f724e89d42ba498123d5da4ad156a585283d5e9cf65334da57c2e19cf24e2c958341609c742c14828140b87a3e1b0d7ed063462219fc366c9243287cde6b4daec16abcd62058868368bc586a3d9a2902bafafde79f6f4e193c70f9e3c7ef8fcf993b7de7d73b0ded76e931d6b891f6f8b3d58bfb37af3c68d1bcbf7d66fdfbb7fe7c6f5a5a5cbf3c7077b376edc48a24f26552a6488718d4aa5d769d14c7a1d682b15f2d52a955c2a33e8c93cb91d0e9fcbe97539433e4f34e80df9dcc9b03f19f1d76593cdcdcddd3bf66edb33986dee8dd5b5478bad917c4ba4d09228752015a041d44d3657e7b65d00aba9a3b7b9635b7bcf8ec68eede1427ba2d4956aeaa5f128b040ab3258a092c6ec8c019658bcbda9a1b994cf8040a1502418044c21bf3f1a0a8502fe70208816f207009651abe673d9900f20e2b0db5c0ea7c7e1a090b239ac36b7dd4ee16537194c87874fbefdd68b17af3f7de3c5f3976f3c7ff3cd175ffbc62f4dec6a68b32b3ffae8c3c74f00e2fde7cf1ebdf6fad3e7cf1fdd5fbfb57c6926ec32d019b5c042ab56e9356a834e6bd6eb6c2650d580387758cc36931e8cd3a8d53a8dd66ab1fadcaea0cf1bf0b8036e5724e88b047cb1502016f4a5a2e15424900afb9a4ac57c6347ba797bb2b12fd1d09d6bef474207520c0e4faad46edf33d8dedbdfdebbb3a36f57f78e3deddbf6c4ebbb33cddb32addb0b9dbb69dccfc12a4b155b6a68253c8ac523e1a0d7130d813ea170301844c60984a863301c0ce17c2404ec027e8f57ab9483560e9b0318b9ec0eafcb0d809c36bbd7e9f23a9d40cae570bb9d5ebbcd91cd377df9930fde79fb8d77df79f34befbdf5abbffacd2307775557579bccb63393b3dff8fa573e78ffed77df79f9eedb6fbcf7ee9b8f1eac5d3c7794515d21e073b56ab556a34138dbcd6610d961b5e07d49b3dbbc4e875eadd4683465b05c0e47c0eb09f97db160201a8485f503ac643494888492b1703a1649478389b0b73e9fca24c2c5e64e7b20cde4f0d87c119b27de3570b86fd740efce81bedd0776ec3db86dcfc14ccb8e7cfbae62d79e52ef40e3f641300ba9106041dd8d6ca951a1b7a5a2a180d71bf0fa80113e1bd0047c01c0e4f7f8fc5e3f00c28fa1401078013ebfc78314c86131aaabe93a9dc9eff5f93c5ebfdb13f2f95d76a7cbe17239dd7e0f66dae37679cc46db7bef7f08bc3ef9f883fff6df7e75685f7f221cc94463d9782c138bf574f57ef5ab5ff9ecd30f3ffee84b1fbcffeea37b2b4d9900a3b6562a110308449cd960703a1c6e871de4f5bbdd683e8f1b33eab299119b069dde6eb5f85ceeb03f90888453b11800424340a4e2519c49c62204b268389b88f99c56935e6537a8644a35872fad657277ee1fda7bf0e8ee0347761f18de77e8d8de43c7ebbaf735f401a383cd3b865a761d69df7b8280056f45816566cb4c468b33e0061f6ca04c30100afb713f7e40130e86438140c04b98150a805991583802720153b34e2d120890a704028148245129d57a3d50f307f13fafdfeff1fb295686fc41a7c3757cf4ecaffeea37befded6faeddb8dc5c2cb5d5d7b7964a2d75750df94231998e04c29f7cf9d34f3ffdf0d1facd99d38718355b8502ae5aa98017b1db4844db2d16a7c309e2a0057d3ee410b150080ba656aacb12e971b920a6a9780c60a562916424028c52d1482216c5311a0ae65249626bf46a3835a356017f5345e740cb8e9c9c183c3a7af0d8a9a113e38747269afb87da00d0eea3ed7b8f770e8cf60c9ede3634415907ca8e2218595293cde1f6b9a87bb23b305ae0829fd021e40a9060c498c3a1103ed74988e3011c100ea958a453abcd46b3c7edc34bc0be5824160b454201446b24e487cc219ce131421e57e0f6bdc73ffad1f7f389f8c17d83a78e1fdbd9ddd554accbc5937e97c76a34592dee8fde7b717c7f7731e2a0d7d448252242198bd9e774f9dd2e2837e20e9ce2b239155bb754565420055b2c169f872465dc76d0ef4bc7e3e9443c1189200c33c97802f71a0c023b64279c4c468266bd46ab96abe552ad42a257cbf30ded6353f3c74e9f3f3e767e6462fad4b90b5dfb47ba074e02a0de8363db0e4ff40f9fdb797c72f789691aaa429ed2c1515a380a0b536629e592d12042c8058cbc1e8014865e427442845984505400c6a0eb5289d46a7506fd2168935226c6fc3b6cf614c6ec015e8144349e8cc66311dc2b8e50c0782c1c433a8d476210e40fdf7fc9e3c89a1ada4e1c1eee6c688c81b81e1f22c869b50ad8acd323c70ff5e4455ca648c043002269785d2e9fcb059b1200a77cde583068d4c0e8197c6e2f66914a353eabc94c8946309b4a669209c41d5a3c04f2fb2348df418485bb904ddbcd26b864ad52a692c1dcf26542eefcd53b006b7ceae29999c5c9f92b3b8f9cdd71e46cffd1f33b8f1180f69ebcb0fff4dcc0d8c581d3f33481d6cd533b108c6c39881e00565eb7074cc6bbfbbd5e2416d00a790d60057cd0f910621364c1540bf922b3d9e6f312f6e9554a30113749d8e4c7342613b1643e952590614623b15422954ea49368b1647d5dfdfaad25ab41eff14406f60eb495ea628170369e0891c4aa62336af6f635edef88b3994cbd560bbf063710f422af61b49e70208004170f437a225ea7d56234e0662008100d101c60211d65936988543a168b85434853d1801fd7239ba71389a0c76d82158485954b64229e98cf72391d0bd7d7a616962f5cbabe78f5e68153b3049d537380e6c0f8c2c189c5a1b3570e9f5bc2f1d099cb3481ce47adccc0c73b14460fee00b645a5d440467d1ebf0fa2e30d22e90035c856340c9f055ec76c66b380c733182c7011a08fdda0339b1da97882b0291c4d2752402a934ca71349708d74e28942369fcfe4f259c45ffaf2f4d8f4c941014f52576c1d3d3cd4d7d1998bc72d7ab588c7d149f93b1ac20ead1cc6df623621b7822ce00ec08ac1dc8582842f61b0268a1f831e17e40cde188062fe021e2f6855cae7714c62be09be5ec24a37c6e229a4d360ae0933804010702402ae4a2ae8eeee59befdf0d2f5b5eb771e1c9b5c3a74e6d2d0b9cb87cf2f0d4f2e1f9dbe767c66e5c4859563d3d787a7aee10c4da4f70bb45e8297c6c955b9147a87db6e351bf412b158ae50399d6e8fcb83d9b35aec88a0543c958c27d15c761b9fc3d1eb8c5e0ffc572212f00b05a252b11e60019d5c2a0b684af9ba62b69049a432a90cac086c7f43b194cf1680e6f4b9c9b75e7f6deaf4615f2073f9c26453361f743ba5b87b99a82964d9db5ee7349be039a041182a615330988c4793d1680aba43900a537d447a2416f0396d560f62d56241d0d5170ac54c162a8e5b42dc414130d3a8b792f178c8eb36e28eb56a99882fe0306522815a2e8e06dc779fbcb9f6f8b5f1859b4067e4c2cac8dccac9f99ba7166e8f2dae9d5e5c436764eee6c8ecca89d9559ad018a456febc029d07479ed6ab57c96412a9c3e174d96c28534d663b620d2e3c1c8a21a04834c5923007421e572653fa7ca15834998ac6b84c7a3e5b9f4dc1bfa4eb72c5ba7c1da029e628b012e96c2a934b03c1427da1944d65870f0fbffbf2f5bffc9f7fd198490feddd23e209d53271c5962dc37b7b76b766a7c78e225d0002e20382e014d814415891d486bc164de0dd20d859d45f802c1ad6a814b0781ea72b9348d4e5f3000b590f0e1eefe0b259413dbd4e9f4fa79c480126834a2ee1306bc47c0ed8a5d7281c06e5e4f485b99b4fcae88c5f5e9bb8b27e76e9fef9ab0fcf5d7d7866e9fef895f5f14b77c72eada1d14464a534007e01329ed6e7f28690596d16139c805a63482733369349a5d62106cd262b38850946dc05bd7e9958281008619543c12878a4928ad45a535b536b3a960046a5425d3e43f8954da5b3c94c2a910658f94cbeb1d458972fb677f47de5cb1ffde4ef7ed25acccf4e9caaa961b71673cc9aeab9c9b10737978707fae109103b6007389588c610c5d94432138f67e2c43d91484fe580575d266dd2a9940a15980ea235d73740bf30af5ab5c668305ae1f28d06f87ba86d3c142014d3aa598c1a0eb3562ae42964e2a0d715f2d8ae3e78f3ecf203a03379fdd1f48d2733abcf666fbd76e1d6f3e995a793d71f9fbb06d41e50ed3e4d628d894c21f04b640c72b58152368e74035f17f6fb5161e8f426386fb873ad568f0942b5035a0138888856a5e4b2d9480aa140a4902b3acc463a9d512c3615c1a144aabe5057cc21eaea0a997c5dae00c39c4de7ea0a4542aeba52c81ff9e55ffec64ffed79fe4a289e3fb77cbe5bad3c3471c061d92e66ffdda37824e2b0a8080c7130d132a6593e0660295291a443a974ae592f8310ab26462e1aa8a8a7212c427025ca944c0e370d00c307b7abd4ea39288c4a542012109e0043c36874117815652492c1ad548f94bf75ebf00686e12802eaebd58b8fbc6a5fb6f2eaebf89feec6d72fec2eab399d5a733ab4f2eac3ea6c9ec4989254a56e24d219d2b968506c086ba3d709bf09c28c7743a18423bf45eabd61a0c267004260026134ac9e772346a3d0aea62beceef72826a70b2cd0dcdc54ca690c935d63534951a1177798a53107b083c48d75cdf0cdd79f2f4cd1ffeee6f7437b7f7b7b7e0ddd6aedf88fb3d022ee7d8d041a3de00a30073148f446002f2e0662a0dbca044f914526c3c4fc1579fcb41e6140a2562b0be58978e46651211bda68ac9a02b647264678bd124150b4d260b620171cde5b098b5d51c165dad94631ae0fb05ccea23e3734b0fdfbd74efcd2b0fde5e7efcdeb5275fc2f1cac3772edd7b6b71fd25b05bb8fb6261edf585b5e797eebe46533833325b426a898bcc51772895802d416de272fbdc1e9fc70707e0713ae16850b5d82c5689441a0cc532894cd81f42d9c1e771047c110c4d2e534886431aa5ca6673b5b6b415800e78942f0229d0aa98cb23212622b16c3a53c8e54990e68b3317166f5fbd7ce2d09163fb7737161af66ddfe1d06b443c1e4c26fc1aac1e7192c8a40902563e93c9279137107ba9623a0d4e815c419f7bcba62d4ebb1d5ea1b15867d46959f49adaca0a3e97870a12378f5060b1989944121463d2abab2bb7b2187424c3643ce6b65b443cb642cccb66328f3efeb5eb4f3fb8f1fcc39baf7fbcf2da47d79f7d4041f6eef2a377961fbdbdf4f0ada5072faf3d7e6b71ed094de92ec81d19993d25b626c3f14c0ef0c450a5fb224158ad300210e38f40d7939952bea0522ae53225fab0826e8753c4e772d95c8f2798851815eb909889b788227917c026441c30ca65f2d02ce84e3c1c41322d00a9627d63a91e63682c36ce9e9fba7c61161c715bcc06a58ccb62e2235c4e2734111a948ec379c4a17d205419a942365397c9002914fb8c9a0a954a0d41a82f14a15962018f515d595bb9452c96fa7d703c3e8d52a190ab50d9326aab6aaaab346a356a8f6424ecb49a611e9452a1dda43769a4c5babafb5ffac6ddb7bf7ae7e5a7b7def8f2cd1780ecc395e71fdc78f6fe8d67efad3c7beff68b0fe6571f4ccc5fa5a97df5c04be1cc491db95822ed7311bb841446cc1efc770c157bd8a8376ab506bf2fec44652391c1eb419550d328a4620e8b65345aa1214df54d30d608b770200cf9809fcaa5d210780c18f29c8811ff150d8653894c5dae0ee119f4789aea5b56ae2cf5b5b59ab53a3e9ba51009590c8651a723ae38841a389a013a194c12f14de8e00deb0b2066aeb158f03b6d5bb66c753b5c487fd0239948887760d454d5546c51abf5986697c32e120a1010423e87c9602057e2361c28a61c0eab51a756c89016e5122197594bafdcd4dcdafeecd35f5f7beb2b6b6f7d76e7cd4fefbcfce4ce1b1fdf79e3a3bb2fd13e9cbdbe7efef2aad5e9a56902cd2a5fbdca5b27f39422d1b8cda433e8b416930522150e4622e1582a8994964759a756aaa05f50018dc6002a21a3ebd42a1693015983f2d623e6d2d96216a25ec841e3e309300248910ac9e747584101a92c9681a5a847e18cfa2d9ad9bf63473e99f63b9d06b592c76271903110416e4f3c0a679bc82493856c2e974c16b32057baa19087b1c4fb37d515366fa0e9347afc16e5b1422ae1b319ccda9af27314b55a072131eaf542a1d063b7b198cc58280c83860887678c85022a39b48ecdaca9a45757c0709975aa48c0fbe26bbf7dffdd5fbaffeed7eebdf3957bef7c76ffedcf1ebdff95b5d7df5fbcf568e8e419be50c2178a69da48bb26d8a2f637c97d2d9178da6b37938c6b3259cd56bbdd61b3a28a40a1ea4079889a01a58cc564e6727969e86c24663519594cba442c8d869305ca823614eb1bea1afcde006153341e09a2ce0821a8bd507e5f2085f49f0084592404b0cfeff6b6969aa6c64f7bac76f843a88a482074db1da100112ce2631304a6423a5397cdd665218224d89beaea60536a6ae8a07643b1ceacd308d8ccaa2d9bf201dffffda3dff9ceb3450e8b6fb55831e57a2dca5031488d0abcaa1249d35dcc65e46221bda6b272cb46a4020e9b61339bcc1ad9a113e3af7df6eb8f3ff8c6a3f77ff9f1fbbff4e4835f7aed936fdc7cf6f6d2dd6799523383c51149511f2969fa448f2ed2a109b739b3bd854c3ae825a91021505f2cd695c59838a65c3296002f20fc016fc0a4d5586dee442ce1753ab92c068fc30b06a3b886102a9142b56c359ba3e138d884a48697903542b7270abd20c5502c9fce40cb1a4af52e8b795bf7b6a3fbf6bb6d36b98057b1758bc56c453e898380a43c424acd66930942ab74ba3e0f0b922de5725055d0c764308162019753c2e7566fde54e771fdecb77eed0fdf7fe7078f972c7c3ac93c3c2e041713e6b45bb66cde64b3daa1745211bf62f3c6cacd9bd8f41aad5ae173da1512a156a5f8eaf7fef2e947df7cf6f1379f7ff4cd179ffecaeb9f7ce3d6b377262faf6af466be4822104bd55aa354aea29932fdfa64af36b12d177240f6e0f04c4603021b232fe68b5062d4bd3938ca448658a47c01f409050208c9782c895a442ae073586c87d35bc8124ce10f204c5e9707952d60f23a5d64a1cee3411487fd28fd51e5a25a42cd94c2344402a1033bf7eceeee32a9d5422e5bc8e74359827e3fa22f1d8f174125b45ca1b15884690058a54cb6b1ae8ecfaac5f464526984a74a2aaedab429e3b2feed27ebbff7f2f6af5c9dfff685239c2a24440e8803cd351bf5884db3d182376433e940b9a672ab51a7412ad72aa48cea0a0ea346c4a9bd72f7e93bdff8ce1b9f7debed5ffab5e71f7eeddecb0fb7ef1baa65b0b20dad36bbdbee0ded3c745c2c91d2acc57de6ec2e4066c8ec46c8d94d069800d41648db54e62ab536b7b63634d5e78af1080af8603212f5bbdc2ab90c151bfc1194920d55365a7131a40daf42420878fd1e17feef2178b9bdd0ac5080c4631c0a184f21332287c043d8adf6b1e327fb3bda244221a203ce033e001a978ec5e1067269a87b161801149008455f73a91ef3b081460bfa83a54211ae78138d36d255fcc9d79e7ce7e9c55fb976fcd3b3bdfb1d2adae62d3c1693cd64225f6f80b4690db170b872eb26a066d068437e9f522aa9aedc0cd4384cba98c7918bf90246e5e3f7bef2c1af7ee7d9075f5d7df2a6cb1fe60a4422a9a2d4da051e64ea5b064726640a15cd517fd0561cb014f6dbeb0fd615308d7988022613f707018221aa2f96108948768dc55243a10082802f30355a8d31114f98f43adc9652a1413583fa198a0e1bedf3781102a83c1089800c9d72310c1c51d0a2064ea0a64ba49d16d3c8d1d1a1dd3b445c9e4626b1db9c2871302568b934889342c02206117a6034f260435d9159b555a9546552599346bba318ffee9bd7fefcd3dbbfb67ef6c3b3bdb77ba2b7ba63ecad9b2b366f66d4544bc512904b2291458201104ac0e506fc7e9d06932b6533aa913be56201dc83522a32689556836adfbebdef7dfd374e4e5ee48ba452855aa9d54be58a62533b6a996c63ebf0d8a452a5a5b95b8fda1b0e855a0e94d2d1b0cf034f0a438489c5fdb535b6c08e77b5b6b73536931406e0f2c5523687c931ebb532dc47380eb9e1206557d3fd8128614d240e6dc26d4503412a1e5d6016200bf97c411fc23048d60e61f903a104298cc3fb760f1eeadf0e0b5e53555556b764240642c1281420ed3812ff91adcb649b4b259fddb271d3e6742cf5e6f2d93ffff2ed1fbdb5f89df5f15f9edff3f47069266f3de65367655cda06da5680555501ffc9e5f0e2e1f0964d1b6d161b1c3c835ec3e1b0e127246251c0e7cf24c8ba7334e0f538ac2a09fff8a9f1525b2f8727546a0d6abd51ae50f3b4c686f63edc3b9835727e4ea335d0fc9d279dadc7736dbbb6b53576b63434d7151a0b05e26e0a28e2ea5018b7b7b477b5b577b576b435b594a063a974d8ebb39b8d123ecfeef041dde422f1bffcfe6ffcde6b2bcdf188d747621062148fc601bac7e1c2056449da17806cc11384fcfe80d71bf487d050d06defed3fb46b8759abe1f3f801b7077e18e2924ba2b889e31e48d944310b52559fcb220077b635ffe4bfbdf9a75fbef37bafcf7df7f985df5a1f7b3a981df62b7a8d223db37ad3a68d155b3743ce1162d59595369b432c14da2c6602139b058b6a311ad150a214d229a8bb1404435dcda891093826874f2c53a9f42685522392c8e90c8eda682936b6a6b285e6befed3338b7a838916ec9bf0759e74778ca6238178240c01cea65228b540a59686a68ee6d68ee6b69eb68e96c66648462e9581998ac01e3bec1a105aaa807e37c4133ffb8daffee9d73efde3f79ead0c7414c201a7d347ac7c288c80250f111caea0d707a3e0431545168821af76b7cb1d8bc6c88262306cd128352aadd7ed06ca08405482000831889b81532779309bd32a15fbdbea7ffe3b1ffce1c76bbff7f2e2779f4dfdf6fae8b7ae1dfcf2d4b6360d0781b671e3467ae5d62af06ad326a43c91482293486d1613a3b6c66430a2cca4dc1672712ae4f3caa522666d151ca944c853c9c416bdd26cb6985d3e85421deae9d7384947aad2ef3a3a128d259bbab69d5fbc062b458bed9c0cf68ebbbbcf141a3bdc5603f5ac30040d06642859a056851c7262636b534b73a9015a968d27c3fe00cc9e51a3663198b0546291e47b6b2b7ff4d9fb3ffedacbbffce69b7ff5c9fa5717875be321c0e2b0da9d16abcbe9a228e642b273daec2eeab1abcbe182c9502be4fb76f40b3910630f90857185b722c520348bdc401a30212a217607da4a3fffdd8f7efcc9dd1fbcb5f8bda7d3bff360fc376f1dfdd6b5c14f67fa7e7d65e8c17049500b0ddfb875f3a6cd1b37556ed9027f6bb75890dc915ee17bcacb3b884ac816acbe90cfd36b552857227e4f24e0c18d6ae4c2bedd03da708227558ac5724f20e64a173bfb76c21474eed83b7d65c5e30bd1927be6c2dbcfbb7aa7fab7f5b435d4b5d4975a4aa5b6c646f008b4ea696bef6eebec6eed682ad5639e21bd0890a0c7ed3019752a39abb64aaf331b0dfa885eff672f1efec1272fbff7f0caf79f2cfdf09d9b7ffdb5475f593e9e765bc552a54167301b747af2ec8f6c7a30190c5a8d1abe171595516fd8dfd7c762b0a2a1200a2018519484a44e4aa7494826883f80e7aa4f267ffa3b1fffd1571efef0bde5efbf36fddd07a77ef3e6f0b7ae1ef8fae5dd9f4c753f1cccdcda93783694cd9944a0d8860d1b2b366d944be5d473a900de39934c64e1914341548b2a85cce3b023c964c9e269c06cd04a043c1e9b21e2b33c2e07972764b2b83a93dd138c07a3a9fe81238562fdee43c766aeaca2aea565061623fdb3c5edc70a71685e1cbade58d7d0d9d20a516f6f6aee686907a7da9a9ada1a5ba1ee28689101021e0f014b29e7b3e84c2607c4d95a59713897fcd1c553bf7bf7d2779fdff8fdb7eefcf0ddb53ffc68fd7f7e78fb9dd9a1b698b396ce964b65706748de6499896c7a31c723718bd1d4dddc24124bc33e1fac194c430e19309343710ab1f739dd4e9bcda2d57de5dee53ffaf2ed1fbebbfcfd1773bfbd3ef2edab035f5fdcfde5a9ee9723f5573adca349ddf1a4e1685cb3be2779b52f08bc4031855cee76b9e05aa02d48be894808661d22908886d389582e11773bac6a8554c863c3a9ea9452835a0e011689656aad21d1d4d9d0daed89e746e72fc1eaf51f3832bb7c335b68a4650f2e45f72ce43b07ba1b7250f78ee6c6f6c6a68e9656e0d5d9d2d6d3d1d5d10ac56a6b6e68a8838d8a25e0b51083669d562397f2590cdc99d9ec54cb25b54c5ec1655fdbdef2bb974ffec6b533df7f79eb076fdffcfd776fffe0e58dbffcecfecd03a58a8a1a954265339bc12c955c61b3da10ec7693319748a9556a24440c0c260378211231e76746476e5f5df8f10fbff78b5ffce26fbef7c90fdebdf2bde7d3bf75f7e4b796f77f75baf7a3b39d2f8f96d67645175adce78ae6d1b461aa64bfd99f7c79b4bed726deb461034a6bbbd50627483d8b8e27c2212005e0a05975d94cc0e3868950c8c45a85dca4d7a0b6b69b746ea3cad3d09e1a381a88a6f71d1edd367462ef81234dad1dc727672f2cadc217d07243d7a27b16ebf78c7735e69b4bc58ea6c6e6fa86d6c6c6aeb6b656825a5b072e6f696b281431e7b15008eaeeb659f52a85422c94705949bdb83ee8b4a8e4b48d954a8d9ec1137747fc9f1dedf9f6dcf077efcdfdf84b6bffe39dd5efae4dfce0c1b9cb7dd19aca6a834ee744e96fb3c18ea5a2c4ac04dc907f6fd4ef43866a2820f7651af219b759ffe5cfbe0e987ef18bfffc3ffff6cff8e7b79e9cfbaddb27beb53cf8cd85dd5f99ec7d77a4e9e981d4da8ef0b59ec0d56efff5dee0fdc1dcd323f58bcdbedd6e6552c513f1f908f980d707094e45a238220c11ddf814241d258a46015fa342a85a7d4e9bdf6db718b476a35a2655f079a2426357df9e43ad1d7de72fade40ba5c3a7cece5dbb9dc9d7d372475622fb967afbf73517339dcdcd9dcd4d88beeef6f6ae96b636e4c18e2ea442f806c0d7902f6613c990d7ebb65a0c6a183a9e4729fefe930b7ffdf1edbffdf8d6b7564eaf1ed9766a7b4b5b32a0974ad6fa0abff760f193dbf32be343e37bba0f753575c374a7e2a57412c55d1e81908ca523a17c328e1f0bc944299b2e6553c50ca63d4d62c466be387f0518fdf41ffee6dfffed9fffe33ffffdaf7fffeb9f9ddff6cdc57d5f9dd9fede48f3eb0773778154a7ff62a373b2601e4b194e670cc792389a5c024642c913703926a311662502b0e231144c284b509fab94721e970d4e39aca6881f6586530f25930851c99bb40a7f20d2d8b16bffd0c9d3930bddfb8f8ccf5e69ebe8199d9c5f585db7581db4c4a155ef9e6bfdbd9d2d75859ef6363420d5d3d68630ec6aefe8ebea065edd6d6da8d450fd27918083c132584a115f4aaff9ef6b533f7c63e9cf7fe5e53ffef74f3eb8bd70efc2e98593874feddbd5d1d404018d47a370004867486a288981422ce84741948d474b997421952ca692c00b0d1611bfcdc2aa86026059d0e36a6e680758ffeb2ffef83fffe35ffff17fffcd7ffee2179fcd6efbea74ff87135d2f0e176e6f0f2fb578ce658cc722daa190e6585c3f1cd3edf6c8fa1c32b78821a9d98a8a55afd622234548f110888783169391cfe74a24228bc110f47b835e08a219e4025816a3de07c2ebd556a31e06e3c8ed87d7ee3c393eb5307cf20c6a87f6edbbaedc796877b8690bab8f66aedddfd3d5d8de50dfd5d2dcddd6026876f66e433d58972f25a209b2aa1508795ddece9616bd5ac1653115128951a3721a0d369de6c2819d9383bbaf8d1fddd7dee4b63be02a88eda6d80e8b5497c9c0e2b6a0184f2791b9b389782a1c028f8011188488cb251299582c16f0a5a2e4d94414fed5e544b6259b53ac4e80f507dfffce7ffcc7bf00acfffbfffdc79f7ce7e3877b63af0d37dcec8f5e6af39ccd9a0e47b5c71386e309fda18866a75bbed3251f8a68dbed922a1a8dc564ea353a87d502798a050352b1482a1268542a9bcdea850f7439c8232c03d9eae5715a6de80135b5dcaa538e4eccf7ef1a54690d2cbe68fbde43b95c5d7bdfcee5b5c776a78776f2d2c36373777b1af26df5752d0df5c0a8b1aebe1376a1bda3bfb70fc7e63a143a856d5dddf1804f25931ab56a687c53b108083a5a5aea0ba526f260a2948c84628100e0a8cba48be954631e0a588f1aa5bda1b13e075692677ce918127622974c406e933132e7b00ba412f2a0d0419275b9ed36e42c0c062a66d6ebbef3dfbffb07bfff5d30eb9ffef127fff4d3bf03764f8e152fb57b17db3c9379ebf1986e38a23d1ad31d8feb701c0aeb8ec58dc713e67eb74acfa9a9aaac100b842a853218008d7cc886f8f41c79dc1289c07a2117c2c8e8b506ad9a3ccd57ca6d6643c8eb34aba5a5034774deb046ad3387935ddb76b67474f71f3cb274e791d3eda35db9f3747975bda3946ec8e71a8b751dcd2d6d8d4d3d1d9dadb00ead1d9dcd2d416fa02e57ec6eefcc27130d45842a39d95457cc26534da5bafa4211f8e2b5f150085e86102a03279905ad9a0b45441fca72180e943ec4ee521bcc201c5408d83c4e27ec028c08eedee7767b9d0ea7d50cbc3c4e07c0725a4dabd7aeffe46ffffafffee7bffee7bffffcfffcfbcffffc4f7ef4e5279786fcd2f3f5b6b305db68d2702caa391c5203ac9194f15048b3dd296f338a7d229647c6e5549248d46ab4a8785c363b3e3decf718b51a8bd99a8a9339cba7605323d9782415430608e168c5afe52294713285c6ea0a44e2d9819363f96243ef9e81e5350aacb1a5c787a76f76d6a53b9a61a61a00445f472759a2cc97800b2c82c3e1ea6a03762da522ca9d743c84ba816cbea82f10a41aeb4aad0d0d1032d47470c9a978221d45810aef9a284b15de0a399be4bb70184724412420b2a5c96a75d91d64d71cf042b50d5364b7012cea59bc8d30cba85fbd71136cfac5fff7efdffdcd6fbe71ffea47ef3cffb33fffc3fd6eee4e976c7f50bd3fa84218eef729bacda216a3a0db2a3a993101321da7965bb1b976cb269150643519512d83c8b8676443e0e57358304f64479ccdee7591e2166168d6a92402ae44c051c9845a95d264f34493396b307ef0c47843532b7c1698e50f46682bf79eddbcbdd65a4cc1bbb7363422eba1304cc492f5c5125406cea8abbd0ba50f0ae35c3a8b72015628834217a090ed1e29800598a281402c0c3b93480129b27c9e4289879c40b2a7cf07ee009490172e1369dae6b458e0b68094dfeb26fb3f61475d6e8fcbe5b291c7eb5623d905e94238eaf5971696fffc4ffec7cb07d73e78f9f88f7efcc37ff8fbbf0574afcf0f769bf85d3669bd5ed068147539a43bbdf20e9bb8dd2a29184511158fbd7553ed962d0e8ba9bc9f0dd187c98b874310c45828180bf9c35e87946c0e97c3f161e620580e8bd1693140913570a71a45ae637b4ffffe52efaebefebd8d2d1d8327c72fdfba1f4f17681de3f7f68c2d77d4a55bea1183cd2898419f542205eeb86c167c1cd8e1b63bc3c1682e93cd13a6a47001f5dc34574796998ad01d0c38118e6653499444646d8fe0857e1aac21ab0e6417951f1e1d84024c36b3a5bcadd8ef210baa7e0f02d009804c063dd95f6b30584d263709496b6b29fdecced25ffde59ffeeca77ffff37ffadffff62f3ffb9bbffe8bdffceaf34625bdc522aa3708d36a7e44cef14b980119cbcca76b38354a66b584cd44b90a5af1f94205d91168f7793c71b265321c0bfa402ea4da68007c328591d9ed569944249788b52a850bb95025d3ca85896273f7ae41147be716af17eb1af71d1eb97ceb5ebeae85367af9d1d8f4e5f652aeb5a1bea190cf67f2d170a4902b14b379934edfd4d0e473398d467302b568229d49915d2179f2542a934d67eaf24578622f71c6d174321909868300856c2d0ba2c208fbfd3693c9eb76c319922da6361b0a1d0b451ce43a08162a678fcbe9b4dbc032abd964d2eb0c5ad48f3a787c04a3dd6ceaedecfed33ffed1bffdcb4fffe5e73ffde79f01af7ff8e33ffcc11ffcf03b0d5a7a5e27cceb45192ddf2f6559050c1da706a26ee0d6546da0316a6be8d595b535d55c2e9787ffb3393c2e472e53d82c56c8259885d40e7b05478f1287cfe3281572955caa9449540aa9cda4958bb8a5e6ae5d03c3d9f66d27cfcf35b7769e9a595c58bd4b1cfcb18547bb8e9ce96e2a229117f375f1682c1c089355f024727f311189a8944a0438a0c9263340100d1db2e923837ecee374b91df8608414ea53a4189002a9cd170e04a84d9e6628371af4080537ec3b8883f3412f62932cd7a0d6054c56330a6dad41a7d6eb74e0176a6c8067b798f3d9c25fffd59f8150fffaf39ffefc677fff773ff9ab6f7ffd93effce6af8c742703125650c1039bd4ec6a51f51621bd4a21e4eac8688d704c1e077cb9d5013ba890e1fe813c8c02ec15f26dd8ef75d92d1e18770896cb61d4a112e1e332bd56adc1c552b1492d6d6a6e9f5dba3d3ebf7ce2f4f962a9f1d89999c595bbdddbf7d0166f3d9d383d9a4f4092932868408a482882b0caa432b9644aab52e9b43a847c963c43cf925d6a995c3695c924334033ec4764e19e6c7652f1912f9f20b8c84e541f523390b33a6c36d00a9e063ec0a0d7813b16b3c9010977b9c047643db21d48a3c6817a72a501b3d0b75accd4175a8c10b4bfffbbbf01b3fee9a77fff93bff9abdffef56f7cede377befdcb1fcd9ddc53092755b5954daf15f3394ab904c612318409806623f1a1b484b90d933d82c108e2dc668136210513d3e8f32075608ac07328bb0f8a60421d8d4814c9c40239acbc4c94884567966e6fdf3378ebd93b60d6c4fce52bb71f38e0b35ac7eeefeceb4122231b83e249bfd79b4ca47c4e27aa04b2cb41abf538bd40078dc81010249025816926990246466ab30a1921d9d2e98436458221883a788101033b8002a9d2a9545ab51a5189f3e011ce53714776b9a8d54abc8941a7d1932f04e8c12cb00fa18a2b8d3ad3cf7ef68ffff2f37ff8b33ff9d1373f7de7ded599f75fdc7ff7d9ad47d7cf6fd9b4492c20eb767092068dd2acc39beb010be62f84cc6ab5460241b2c66801e8268bd98c19b261a20c9811151a6608ef0e4d80babb6c66bb596f042f6462b5826c9f74d98caddd3bdc85a6c696aefa96b69ebd07aede7dec707a69db271fd7e7d290586a9b2c70f721e2909862a108986bb3d8e29138a40a00c116c4c20879bfd3ee209bc55c2e1592a552499e546bb4500444a2c70549f758cd56dc0794089e1ed020196bd46aa34e87fb26d26eb743bccd06bd5ea3c6bd032fa063361a8de41b2600cb8897005f4cbe5424f9e79fffeb9ffef8f7df7bfdfe9dc5d1fbd7663f7aebd19b8f56de7b305fb9b542261292f051ab4c7ab5cd883123875a8117c91b6e27dedfe372c0e2a2cad16ad41026854c2a23dffb215f6b810b251baa346ac00781807c580c1a9878e02515f19412815a63b4b97cbb8e9e403dd2b16df7b5f5a74e9797b678e7f5b80739db0c2a25a331f022198d633c4192e6ed417f08624fa43d914a20fffafda08fc96006ac6426a452854ca655218e203466e8173408f107529437396262719b4a39b906b70514806039f1e14635405a21277bc20d84505034e472449fd5687290ef4ad8a422d18fffe42feecc1fbf7afef0e5f1bd6f3ebdfb78657af5c2b137d7666ab76e914a4450659d5a69d2a9f1891e277c13514d9fdb05b382ba0f151f0805d0d1d16b345a14cc7229729f422651caa52ab94cad52806598306415bc502ee209382c219705c36532598c9ee09e43c79a5a3be0e0afde7d424ce9e98575b5946f361901104a5ff00b2916b103ad014760af80602c029c225047abc5a290cbe1ec0c1ab54828904a24f81142035e0044171843c8480c27800647e432d4640214ddb821f22b6aa7283e0b48816e6a85027821d2c12cf228817c85cc00c1429640c8c04f623c379616164eed5e38bd6765fae897de7c76f7d2e987d767bef6c153017d8b88cf93cbc45aa51c5080b350258823ac00c8ecb4819836b836500a9f87b735227da8942adcae5402a3209388f15a60475846be3ca540dd63b718a5428e88cf95097978c3684347cfb65d85faa6be7d83d7ee3e717900d6ccb28c5d6dd46a71738832445cd8e7a5760787e2000e556e08455cd061b561e665128941476015f0b9423e572a46ba5560b4c00524321b8c4e9b03e442bec349cc3cc603ea2106317ed00a118137c17c2ae0086512908ea29501afc5afa87449641eaf455ac4954ab9fce4a1feb911b49d8b630337664fde591c7f707d7a75f6f8d64d1bd92c266a63443349646af2751468124087e7c0ad806b20bb59af55c9e53aa40ec22c3059ae502018899c835fb0a6386242cb4d22122824222820ea1e0475a9a96374ee127cd6ce038797ef3e8159a4954edc2dee3c65528a91bd117a71b2161a807221f703b278384a44ca66d7289155c55289cc4d76f8f1b86c9648c057280084c6444861b1db30a5c43121ca401cc0040b23118b8008e10e52a54e070820f3500d32a57239a65aafd5916f2342778982a83424f99291e3551aa55224121ee86f3d3f903b33501c3bd076ee70efe2d881db1747445c068fc3e2b0e808718002ed0335741a0d66859a3962509031803e60d26b95629108ef095a8144e41b8b320484147389b9978885e8504d2c1070041cb680cbf63aac7ea7355cd732786cacb1b9ede0a9334bb71f86a329da8d3bf7ef3f79bda7bdc5a45581fc304b883e5807afcb8d621dc165375bc8e29550087dc48f887616a396cf61611e50d363b488026436b804100a1dcc248fcbc260c42221064f7225810942ac04a7e41209ee0cb78aae5e036f85dc076a6830eb650903edc88639f2854b8c44d2dd983cbd27df96f3f4352486fb1bf6b467b8cc5a39862ce283a2c82a36f007782864e49b63e48b741a6047a027a903d8911c823a0653ab52ca28468bcb6f0ef14283d3c78c622c900b0982854de7306a59b59510dcc1f199e19189021cfc9193b00ed94213adf1d84aefa91b7da7aedbb4c4d1115981b174907204990bb183014bc4e4abb5284d30620ea386cda8257a2185b8aa8df09046130482d84b8b190c67937d352cd010f70dd64089a899c770c07421c40220e0a6c11d4c36352a9807c4871c570068e4a9b2b2204010c7bdad05310ba68a7c197b238db689ececa850c8e03634709c18128a4d036e512ea5de90f011b342e026761462046524898f7c4f80cfc564e032bc3fcc3a32a3542294e3468194908fdff2d84c8c0e8d5eb9b97fcf816d3b0766966e3536b78fcd5e5a5c5daf6b6ca78dccaf9d9abf39bab0ded6582aa7150c1afa85640aa4400a8834e603fe0b730813c8aca9440c023e04261544e4ebbd448cb41a7c1e8b49a7166d254080e894050608774a062f160a318d3282bb846210ee9bb009efaf80e822c2a9a6a4523b3a2a84ab58dc5217afdcb4a1b6722b1abdaa82555bcdacad16f079084010872c4851ab51c4a943135e7193e415bc03917019484aa60118c961ccb85cc229a998fa38a25c72a90853281270211a3cce2bb058355b0f0c9fda313472f4f4b97cb1e1e8c4d4a5d5f596f65edab1d9b5c1f32b43932b87c7e77552013237123ba58e448cc9b7e995aa903f60b798b82c3ab3a68ad04a2840224332d669b5540061b0622e9bc966d2c93709c44420c038c8075106a14028e089a8063d0659000201480edb814013215a71bb5438e0885b2f8786904c383e09ca54550180f0d12c7a358749c7076174c091689f0c6494120641e3282a11a011bdf8a05762249648d081da8ac8430a3ef92277390029c8d021471286021ed40348719935ecdaadf357ef1c9998b978032561dbb98bcb0babebf54d1db4c9a5f5d9e53b672fae2c01bca6468d5c021b4d7d11dc00f940e4c7c21187c5c2612292abd130664c0be105b19aa0b3980a75268fc584348a8502dc04a209378181b16aab8020260d0d5781edc0858c414c812214404a44427e194df2071bf83c219f23e0928b013a46c765d532f026b5b52c7a2d9b41e7b359420e9ba41a31a4470660880f001f1186e09412d88162f8749194429cfa2ccc81801ca91f853ce80403778217127e515fe48717c5dc88402e163e822115706be82cb146dfb9635fb1beb17bf73e3878146fb4b1c5bb23b3378f4d5f1f9db93a7ef19649abd4a9613ac87a2b7c403c12450778636e3172a05f8e237237987c8c16cc6633117ed02901d29f90afc04d61dcb5552c8c1021438dbc0c1610219e43c0050111ad388988060a2c2683c3628af86cd01698013bbc39c20ac3e0326a99b800a28b00c7a790f9e023e953f780dc2fc2a761c0047de2510119c10bb7476a3dca4fa15fbe01e82c7a984b4c3cbdba1a1f2410905b027e121c71018f2360330016ded062739902d1b6ae3ed4c470f0b00ee481c5c8c53b63176f8d5eb87179f9c6c2d28deec131b588a3552b5d0ed44c26319fc7acad6183ff883e32ff7c324b22441615e45c3697c5e0b3985c2683ec97a4fe9c0797cd20ca5253c5aca946e07099748088948c8b898202981ae84e0dee8c5e5d515b532d05722c3af5f25ad465f4ea2a0436a5c1720c1ea8d3f13e8c5a360194c1e772800ba21b4a44621c014911937053c887862372cbfc25d98d4009fbc1c3446256304f88358c029c65316a6aababf93c2ea20171813bc49df3c87ca0d5c2f0658acde158fae0c878a9b1b57ff0f0d29d47e481c585abebf3cb77a62fadec3d7d79dfa9856d27168647c61402165e56563ba46a0c0664e1b399700ca4112a31802210e4d001e5ab862bcb2f21b4aaa9645455546cd9b479c3862d9b3672980c508ccda8e1434429a6f0c819bc4fad8c448400a94325134904085511921be4b8ac3ef82c467525784ded0daa05b52912898123340bde081811b6f2b898d72f4218881041403e21c698b018c1876bc8957c72c494b3993535d5559872821799453ae61543e031aa2399523859b04752fd0786b3b962cfeefd00cbe1f2d0462fae9d985d3d75e1fae90bcb6333978f9eb978f4ecc2d9e939bd46c5aea910c0317111624c9013bc78050781a6fa8b56060883019b6aab2b6a2ab756556cddb279e3e60d1bb76cdcb899b40d1b376c00740c2a97f1580c5c89c8c52da283bbc4493e8743f10e0c6532e9350cbc5555051aa31aea0e69c787221e6bc02c642ef0087a07810329488053db6d0922f8919a4e5089c49d90308e4440798ec96fd9442e00285e25e0e3e6ab2b2af089681c6a745077219b1ec9d6b776ed28f6f4ef3e7c345f28ed3870183ecbee4421bd72efeaeadac5e59b07c62f0d9cbe383436b7f7c4f4d4dcc2d9f96baded1d624e2dab7a0b8f5ec1adad0059401f421c126295843b18490d194fcd56b067c3a60d3434a0831fb66cdeb475f326106bf346b20768f326ea885f6dde8c97d02bb7d4546c266ea0722b5efe5f1bb3ba1248953f8264c05af271d4acd4b2c9376f4824967101592097041a8c931cc98f08372e870c1e6994fc951f360b28e002aa513141414960255b7e118664df2293893027cc8234c01ad635f71c1d9b6a6eed3e79fe62beae6160646cf1e6bac717a49dbb7277746ef5dcc28da3e7af0c9f591c387961626a7e6676fecce4ecc8b98b27262f35ed186adc3f5eb7e774325b67d1c8c43c362294e4577a35c6466d1e034c1b085820d12600b411d157b565331ad92d45ce9093386edd8c5f6d2179878a490c1e88d4565556576cc191ea54306a08ada0536c06520a896e12ec542b073b8180c9404ae332e86c68052123f48e4174934867399ae8481c10722a78710d1d58e0625c896bf0d1e44d8029872471b00c164c22e2237a601a0291d4c091d1dd432752ad3d078647d3d9e2ee83c71656ee42c248b973ebcefa956b371797ae9f9abad475e8fc8191a9c999f9a3a7a7daf69f6edd37dab0f378bef750a26b3091ca7b6d46b28ec1654a855c6856c5668a4404a30d544367e3962d9bca60556fd95c49f52bb65020e2e2cd64b319b2129200060f6963546dad05838053c5661e229d555bb165337ec500f1366dc2f99a8aadc017215c83902444430388953802382a477f2108afd0248002594a1c384cd2474a0570b03204e23283282d7fd5674049c8b4d12b373634776ddb31d8bf7075e8f8f889f3f3e72e5e45b933323d3f77f5562a574fdb3eb672e8fc8d81892b27a72e9fbb70a97370627064f2ecd4ecf0a9c9ed87c63bf69f2cf40ea5ba06222dfb12d198cb6a544a84422e0b609188dfb209d5ff2bb048f48147844d14589b6ab66eaedeba05a855e22c246c139022e082fc9861b884daaaadf4ea4a681c2a18046625427413b2c1a64d1b3682a49b366e2a3712c254431f3caedcba05af22415afb2a5499f42ac412419f4ef26f39e710b9a0923825a90429aa43f5a90ebb9ca0a83e3e5d29151d1e9d68eedcb1e7c0f0f9d9e57b2fdedf39707874fa52329d3b343271e1ea4df2746766f9eecce59be7e6af2f2e5d3b7fe1d291d3d363e72e200ccf4d5d383472eee08933f5db87622d7b7c0d3b9321f29498fc61211e4b06edc487546cde4a426cc3968d845665ee804d183630c26f6bb66eaa41885542aa2b418d6a6836c649af4510b259086706868d30016a355595acb2c430e988415c8c0007bba80900d0645b6d5907a946a0c7948077900222ffe0088b590e3a785726884685ed2b5c28ea8195d411697a4bcdd68d8c8a4d540683ba31c2a1d0c1136323672f28bda1d4c1e30a8b03811e6de91a1e3d53a86b3abb7075eaf28da6f61edab6d1abc3e7afee3fb508853a3e7161f0c4b9f6dd27f60c9dee1b1869db7dacb9ff48a9f780bfaecf99ef4df96c7693dea8d328a542300b1f834fad226320298f1a15195b59ad1083b5159be835c8cdc8e2221195bbd060d120592221e8057bc5acdabc118341ece1585359593e8f24092839d4f79e8027bd16391e04ac004f6bcad3800e9903d2400ac4326c0a490e2448d12ad9142e6c3aa85745afdaba9546abddba91cb804366c3ebfafcfe8ebefe5c675fa4abdf1f4af832a5fefd437b868e9d387b81c944deaa124b145abd59abd177ecd89748659b7bb6cf5dbbed0b4468a7666f8c4c2e1d9db8b8b47cedc2fca513a7a78e8d9e9d9c9a3d373973e0d8f8ee4323e9b65d8e74bb3dd19c0ad86d263dd94901cf2a1108a18d359588440216267fe32b55420012a4aab672592caa88238b0728bc85c4070133f846118a6aa47ea83cd1acaa0a0c4c26e4000ed482c41fa2cc449cb299e01ae9003b2603868294f1c82a5515183f5e488e241d5732490eadc019e4592a3091b5512155610290889c4efbe4d2ed7c4bd7d133b39e50b277cfd0ae43470f9e3a1b4d64452a7da1a9339e6be8df7f68f7c1a3c7ce4cf3319b0289de6cb7b9033a5fa8ada73f1c8937776f9fbd76db60b2d0e6966ecd2c5c3f7be1f2d1b1e9e193e79bb61dde3734ba7f68f4f0f1b1ae5d87f31dbbadf16643b8de1ace453d3644a151a3d669543ab5528de20a8e1ea99809f5a9aaaad85259b1a50af35c53cd65b3454254c800852cb0c13b12ff881fc96208410a0d2402d9880382dac36791950c5230969d110c013101c8f4c40431606299e5ba87b26044a7084665ef0213431c0c818c420adc28471ce50aab1d36cbd98bcb934b37f71e39d9737874e7c0f0f6bd07f71f3bdddcd9ef0f67fbf60cd577eee8dbb57fd7c1a3874f9eb5e7ea0b878ebb82715f30eacbd6f7ed1e806675f6ef9d5e5a359aacb473f3d7cecf2e9d9d5e387df6c2b9a9b9e6de83bd7b868f8d4cec193c1e48b57962f5f640466b0f3b1cdeb0c7663668819441a3326ad1d4a4944549068e9001721141023ee010a3d49792c28d1ce568322929ada5d2572c13a1ca25351d3a28655112530b2604cf57e50b01914d5927521e91ac0f2b40c0229afd792df585d123cc429f028b0ac6cfc1a204abda6ad2cf5dbe7166fae2d0c8c4f94bd797ee3deb3f70647064bcbd6faf3b1c3f74f27cb6a5bb77d7fe7dc323874f9d130ac412953e982935756e0f8613db068e8442b1a6eeed9397aec37fd12e2daf5e59be317bf1ca89b1a9812363dd3b8f1c3f397162f4cce9f17387864777ed3f922ef544f31d996436e0b498741a93aebca709c1a8d290952329b5964db4066344a051489193a48845d50db0a8550a1cd1caf55a1932129ba4be218b0172298a1bbc10bc43a892920db422ae9a4d6c140946168517a9a5885453f4016a041a00546eff9556240659c4919bf49a874f5e2c5cbeb67cfdd695ab2b4bab6bc726a62fdd795cdfd6dd7fe2cc9153931dfd03bb0e0eef1f3e3978e2742092b3bbe0a84a6d7d7b9c894c47efce7024d1b17df7d98b57f5006b7c6a1199f1c4d8f4c2e295990bf3878f8f0f1c3a39716672e7fee1b6de81fe7d475a7bf6651a77945209a7450f3641e0c95aad5a65d4a9b4d4a307d47140817042804a0d152c6a37e04216ad0001b56e85ba972c06e024e1174042940ac02cb2168ef20da4a256a67081448ab7e183a4c4a02348e139d108584873c44911778646085553f58a59541842c208bffe2b5854f9a257cb9fbdfef6b5953bb7d61e00afab2bb747cf4ecf5eb9d1b36bffd5f5a72b4f5e4ecc5fdb77f8c4ce0347068e9db2bb4356bba773dbbe86b6dee66d7b0f9f3a1f8ac67bf71f1abb70496f30d3aedfb8b9b27aebf2e5e5c1e13148d5c0d0c98e6d07f71d3c71fc2441ad77d750e7f6c1baf6fdc598df6e36187544ddf5a0954605960132b236209763a89f2fe409116b8426d4c200a00440884100a7562a9432022b184796564464094541fd883721abbdb89e500f38f2a86500d08a49fc51192962a36002a0dc14b33e87ac4c2522f008c6daff0216b3068e1c60a13e7fe3ed0f6edf7d78ffe1b36bab6b6beb8f6faddd5fb97d6fe9eaeab5d53b4b2b77aedf7f3e3a393f31bfbc7370b848be02b0adf5f4b9a3a3e7f38dedfd83c7bdbe60c7f63da3530be4eb288747268f8e4e42da070e9fda3f74b27fef51c4e0899313c746c60e1f3d357878b4a567a0a57b7fc465765a8d26bd16b402b9742a25f0d2a9c9833f3579280d38082e200d2209c051d1472de9cae5e5053915f5b415b02a48e412f700607086acbd2914a41105c4cb85e4c910158664cd87e0c56011cd02b388dba4c290522e128cc42810e05e71ea155265fb4eadb7d005ecda77dffff2ddf5470f1ebfb67aebeefafd276877d61faddcbc7be5eaeaf59b6babb7ef0d8f4e9c9e59ecdb77c81b8a9e59bc71f0c4046c40b6b567d7a1e14028b66370f8e8c48cd31da04d4c5e9cbab038766666766ee1c4a9b30d9d7bb7ef393c3a76f6c8f1d3a58ebd4d5d032dbd43a55cc66b273b290096917ab4a7257fae1078a9756a954ea5d690a70c241ca9474d042974084c4a251a79582797a9150a35a1a114920f50c8d29898aca9022f423af22bb26827418e246b26240089cf84ba533e93c420aac5b2bd2490012652a3509d72545278d1ab500c032c920a993528a16ab76e78e7bd8f1f3e7efdc9b397771f3e5fbffff8fea36777ef3fb975e7fef55beb2bb7d62f2faf9c9d9e1f3f37333276beb367fbc5d57b57d69f5dbcfde0c8e9c9c3e333569bb373c7fe23a7cfbb7d61dad1d1a9c1e189c1236323a7cf8f9f99aa6fdfdbd37fb06bc760dfae43bd3b0f75ee186ae9dc990a3891feac463d117890eb957b5041e371d42808b3087714146008494a9b70867a9840644b25c7afa8273a8ab27221da04085b9c44846a8029452b9c442aa4d652ca6a456845ca6652eb51a69c5a89a428f6ca9403be574855033872b2dc0016aa5730abb66223007af6da9bafbd787bedeec37b0f9e3e7cfc1a5876fbee03700a51b972ebdef5953bd7566e5f595e999c9e9bbf74f5dcccc5c9c56b732bf796efbf168e2647a617f71f3be50bc6694b57af2f5fbd7ef1e2a533e766ce4fceec1b3c3e726a627a6a667ce2dcc0a113878e8db5d5d7853d4e9b49a79489cd241592077344e33564938156a5d4aa541aa02097833b008bac859398a28ed44340845e19320296528e2b15102af2f082a815548c3cd1a11ee411b5e2b2402b62b258084306348b42aa06e4426411cda290a2f4eb73bccae2456919750d390f5a012f015e59b1716dedfedbef7df8facb77215bf71f3c7dfcf40588b6b6fee8fa8ddbb7d71edcb879170d1960e9daeae4ccfcd48585d9c5e599b94be367a72e2cad26d285853b8f770d9db039dcb49e5dc740ab5d074eb4f61e28b6ecde3570b4d4baaba77fb0a57b6f5bdf00d43deab5073d768fdd6a00243231d0219a451e6712c34598a5465a24d4402422f4d4846824fa20671a15a845d688cb30e14a022b592f263482db42f1411c06b59a0e8f0f0342adcf11b522cc2200951bec251d1532158080a3dc5e91a80c13d52f1fbf4885b5d07846e5e689f133ef7ff4d9dbef7ef8da1befdcbbffe4d96b2f1f3f79fdeefdc76b0f9fddba7d6f9504e35d88d7f2b59b730b4bf30bcb931716ce4ece9e9d9a9b59bce6f5074f4f2dec183caad5196943c7c607864eed193c31373f0f661d3a7c72f0f089d36367464f8d1f387cb2a7ab274836d2592c06bddd6c049b5432a956298769405a849380d5a22211f2042a91479b4480e43244160516799007c69190a48e8477701b8047881251441e0e514f5e61d54494bda2449d01ade1525e945a2d00b36a5127941709ca7094dbe71851fcfabc4390a2d49d028b2ee430257cce675ffb9577defbe8c5cbf7de78ebbdd75e7febc9f337eedd7fbc7af3eecd5beb37d056d7aeafaec158cccd5f9e9a9e9fb978656676f1f4f879c4e3cedd03c74e8e1f3971bad4d04c1b3f3b7d6afcfcb191f1a327c686864f661ab6f5ed3ad8b77370cfc091bedd87eb3209afc36237ebad06bd59afb518e11e34d0701df5c53d300b7c4166a4f842d219e20bac292f90530a4578843c48d18d4838c986d46e038a4ac2b2b19242bf043c218fcb6753eb9f4c2afae8a0c61760910ed844fa0414021940f92f60bd6ae53c58a6151a825ac865d12b372e2c5cfef0a3cf5e7ff1f69b6f7de98d97ef42bfee3f7a0e5aa101a9959b6b44b66edc99beb0807661eef2ecfc15c4e3b9c9d9d363e7c6cf4c03b823c3233454362746278e1e1f3b7bf6fcd8f89952eb8ed6eeddfb0f0e776fdf8f188cb8ad6ebb05791024825a41dd4de42f1a8358845f506b8d420666e9d5ffef790c40a150830c112f4a3952a2ee00919233ca4640ce29b0107ad4c30562ac885491353920055a957944a28f522bd227390e4702d01761481efae257d4d21581a9dcbe008b58072e93cda86a6b69fef4abdf78fd8d7780d4cb3709b9108c0f9ebc0e982058b01180ecda8ddb172e2e4d4d5f9c9c9e9f9ab9387e76666a76f1d4e9b3102f50eae8b193b483474e8e9e9a387ae2547befbe8ebe7df14267b6a1b7a963675bcf9eaeae3eb785ec112718110baad4abca4910a8e9b44a0580509127945238094ae0cbdb7e610ec44aaab8411f0147e28e0839710f2454e115289740c845428f4338854a103ac5282f5d12b50246649918a9903a43a2120051cca210216e9ee211010567ca14238d9c2ccbd62bab25e432e562de2f7ffddb2fde7c0f60bd78f90e98f5f4e90b283df4fec6ca9d9be0d7cdbb576fdc4618ce5db93e3dbb388d84383d3f397d91026b7ae2ecccf191315aa1697bbabe3759d7bd6befa1ddfb0e76f4eceedbb16fff81a1fedd07da5a3ba1ea1683d6acd350960a1aa428071d6193568390045e72a918ffa00c8412011258019ca4bc3b71e7f82d8c025125982ff2e818369d481b7e8b8c48d618a86707e54a9078ab32a7a82448c52069e53e418a220e85177e244891f56272860084238b82a9dcca4809384c8055b385f6fe879f825068c0eb3964ebe90bd888c74f5eac3f787267ed41995c17e62ecd50913835038d9f3b3739377e6612609d397781807572746c7c6cfcc489d1cebe3d1d3dbb9a3bb6f7edd87b60f0d0befd073b7af7a27606a7ca9533d4baace544b9c90615b04c0de1475e23ca4d1982726a0310e823d951650dea6409a004347057305970f0e01a29c1c520169bc366bc72550c3ab3cc173ac64f440ab442f14c60a2c48b9ca70290d08a3c8ca8a5569349a3bc3bb10be8132829df8042ba0c161adcd6ddf5876fbef3c173ca7001b232ad1e3c7a0ec800162a478005668153c06b726a6ee2dc0cc8353631095a9d3d3f3b323a41dbb577b067c7de1dbbf637b76f6f6ceb0b251bd062d9e658a639986c8c4453d072d48024d094286e48a3521e916da43c834ec366328975a0048bc054de1243f68989a42252be107912910519f4c949b201408c50459f3c9e0122c85c0cb2a8404519d841c8551675d2caa990ea804da431a9e507d2c795e50c48c9161586e5a82c0b16ac0369f88caacdd3d3b35f7aff9367cf5fbe78e36d40f6f8e91beb0f9e02afb57b8fe1e6d100d6a5a5958b57ae232142b3ce4fcd9d9f9a3f43c52094fec4c971dac143470e1f3eb27f60b0bbb7bf6ffb4e5fb458a86fdfbd675f4b5b8f3752e7f7061452b27b0fb840d1412b208523e4094d0b13251543707001596320850ed95b00b0107d526a3f04220d8df2ebe59d2d808fec4b805b270b3464bf490dbdaa9251854a852c575170bc02ab2cedaf648b621cf52bc22c820e0c17452b148980ef55fc7eceb532585fe0c5aeaddcd5bff3edf73e4242849b7ffaec8d870f9fdd7bf86cedeea33b771fdebe731fb2b5b27af7d295eb68c88620d7b9a9390423aa9ab3e7c94adfc95313b448ba2957ea48155aa2e98668aac113ce174aad7ddbfaeb9b3a92f916afd34156dcc5a257b51e496a9f4b12d9a7ace4b218a87c91e9ca3095b943428fb0490012514e9dac3110bcc89f3621cba4b8460c9725e033e9d5e45105bd9a4e3de9222b0ae4e903a99c29b028ae01501c095844a748e891902c2b173992b5d9cfd3df1760a17d0e1689c48a4db4c9a999d75fbc43f2e0f3974f9fbf249cbafb000510c0ba09b06eadc36a5d5eba71656905d52298851884d2231e01d6f9e9f95363e7681ddd3bda3afb9adb7a0050dfb61db9bae6f68eeefefefeeeeebe6243bb9dfcf9066285f87cae020a2da35a39d0a464d759e5d6cde04a190b4222011041c4957757913342c1ab1d45e8947f2c1f512fa35355b905c3860585aad4565508b86423020a1d1655e840c2706421425fd18a108d0934cb1ca453bb6bc8168f2a948140aa0c1faec17b9699553e326b2a6c66e3871f7ff5d1d317e0d4a327af93f2f0d1f33beb8f89d5ba737ff5e63a041ecc5a5a5e59bc7c6d71e9c6e52b375024cece5e423096518378d162e9c6bac68e6cb1c513ca3afca954b6de1fcdb577744593c550a2a893931c47aa36840cd96dc2270b75642d98da0626116fdeb8915a6ea7e843ac53791f0b5962a756f8f8021e0fb8e085c01bd54c192ce2b088fc8ba9bfcb544bafae9488f8d5e4eb9464c59dd4cf3892071608c0b2f0032f4815d1788a6565992ff30b806f260bd06539a3a2180ebecc321cd118555bdefff0b327cfdeb8f7e0c98387cf1e3e2248ddbbfff4de836730f1800915cf8d5502d6e52bd72e5dbe0ea4c0aff985a585cb44bf901c67e72f8f4f4cd10a0ded402a9d6f6aebe8eee8e8cee41b1a1a5b7b7b7bdbda3a33d9a2522284632234a176f6f038485e2c215f20169310c308376ed8005da2f6fd900d2d0082442225e78453e489ceab2d41a4435d001ca95f815c7c466d35f002b37064d6d670c82375b23b0129923cb52666a2dc10986019a11b50238bf19f2f3040ddc9366f62caca810974480c526095c9552360d3df7eefe3078f5fbbbbfe18b521f0ba7beff1ddf54777d61f42b3a0eb102ce075edc62d04e0e2e5eb20d7c2a5ab1717962f2e2ecfce5d9abdb804153b3f394bcb97da5adb7b1a9adabd91ac2798b67be3d1643e9e2e0235bf3f447d03085a4c3d47a0024a401ef7219743aa50c931b76cde0458c80a29f514a97c0495c8958450641b171f472e3a8456e50e8e0085c584b706adaa6a6b2a19183fe1117109785b16117506fb73a4a80762d4630b0216f153948411b098b5d5959b37d229d92a83c52656eb9584952351cc67bf78e33dc04496b16edf034c6beb8f88a8df5ac79114d2a87856efa2e2b974e5dad2f55b145ed72f5eba0ad42ecc2ece5d5c42817deefc055a38590a25ea7cd17c63535b734bbbdd97f08733997c7d249eb7596c4a8948411e2210b030420c16ff62b4182a0343acd84cafad2518511a840b781c4e190e74b81c584d163a1c547ce4690d7e2467a8c7d18003fc203254535345afad813ca18b2351a832285fa0834620204fc3402b06149d2a06c96639b2385355bd75730d79b24d6543e23088b495c905b0d09108b8cf5e7b6b6dfde1addb24eb01a0b2545dbf7107b42282b5ba76f5faad6bd76f5fbe727df1d25524441c2f220c2f5d9bbf780514035808465a6b474f4feff68ece9e503c1f8ce62ccea82f942e969ac2f18251af075272d824f2ec93c411f528019051a51c40419fe20bf915d92145f6cfc166020e0a2c1250e4893c0b8d7a54c3618123f8114740505355458ed595b5b5187f4d6d4d158e7482452dc293708d92730605133ad4b11617805c644b088947025c6de516e81de8861f897291e5c0f21356404c8e420ee3d1931780e9fa8ddb80063a85e335a083e2f9fa6d404690ba717bf9ea4da2ee97ae22061716a9e3c232c08278211e67661768ae60d61dcad87dc97cb131576c440c6672a5a6e6d6ba86561dd9df4bb61243a7411ff0853c1f247ba3c886da3258e424d123eaeffcb2810241874b9ebc93053c8043e90e418d4d3d676631084c106c2002b0c8916c964424825fd568e47ba8d4116095dbabf3d43e24f24487ea43e0c0acf2ee38085e2d248f9caca293271764ad99c423716de5f0ac5cbfff14e82c5fbb09bcd0d05fbaba7a0546617965797975f92ada4dfc084e2d5cb94138b548d884609c5fb8324be18578a441b0babafb5a20e7f9c674ae3e9ac865f3f5adad6d38a310f1e5d4b65f300b709453db1748111e917d6568408db089cd2232444146c0228a438e652a0129d20013930ea40804d55595f891ec63a01ac1aba6ba8c1a7c4419a3572052e741403a794a580999fafc3c0188fc153deae9e1e7bb6baa298a514f83e0b6a8bf71bb72731d090ec441a02d2dafc22220e58144e5068cf05be2482f231b22f496e600d0c5cba0d5dc3c3a57f02309434720e38be45d8174245140b379e2764fdc1d4879fc71d9ab9dacaf9217516ef800e0c52963c48106814e5fe851190e0044d80479a2522702900291a835e11490aaad059f8055752582e81558183cd5217f0499e0f2ff1a80a39022abecd499ea4a2a27005902133a8c5ae008eccaa4237403315f6ddd82d2e39fad1ba0d6842cf397317810a7cc9d792acac899457206b1860b48dc011a548890f6f9cb2014e95cbc3235334f6b6eeb6e69eb42366c686c6b6c6eb37b13894ca9b76f5bb15040998bba4442bc25018b1226aa911d30145224d6000aa5e59f4306a291df7e7e06a8957776002f280ee20e487d0e5625f24319ac32469ff7c19dffc7ac72431e201d5c4600a5ae290347a1867e193834bc0a780122b01614e331e9559b69e727e72ecc2d4e4d5f240ba1b38b04820b0b38021434f803f471244b0e33172f901f2fc1c403205227522f393f39fbff03530705a587175a960000000049454e44ae426082);
INSERT INTO `usuarios` (`u_id`, `usuario`, `senha`, `nome`, `admin`, `avatar`) VALUES
(2, 'user', '04f8996da763b7a969b1028ee3007569eaf3a635486ddab211d512c85b9df8fb', 'Usuário', 0, 0x89504e470d0a1a0a0000000d4948445200000064000000640802000000ff800203000000017352474200aece1ce90000000467414d410000b18f0bfc6105000000097048597300000ec300000ec301c76fa864000058ee49444154785eadbd779425d9791f563957bd9c3be7c96973445a800091c46012a448480445d0b24d5bd6c11145db926cf948966c5147b649eb5822090a12245322c50081c082582cb0c06c9a9d3cd333d339bd9c5fe5e8df7d03f088f4b1fff29b9e9ed7af2bdcfbddeffb855bb76ae8536b1b14c70cfa5d6f34667c77a19849227a7d6d399b51e32866288a66234190585a08e28815b9308c6496e359ce15382989a9c84b048662389e11e82462a998a3e89867698663188ea6599aa2232164700e86c571282aa1a898a2298666688aa2449ec13609cdd3228b779147b31cc57209cb93fd232aa6295660123a66181e3be1c5b22c4dd349927078d10c4b616f2a606396e1e38892653d0e030ec766e8208e598ef5a950e55221150492f1ea5bbbefffc80baf5c394b45494c2714cd4c1bf1fff24a5c8a96fede6fff911b2974e079217a413ea570fa280c5996776d46120dcff3a3d8a7d15186e6783e087cd7f3d1da20f479814da8384e109438a1105806ff702c691e3a16f28c2ba0072c3a820393ef34830d4927118a20a212fc8c2822dc82c08949884fd0593421c666f88396902e90906253c48c8ba2681a62d248c428c6c913f2e3f41d893bda391d1806a14992308e436c8017c28a17da80f7380e7689a3289532f006ef7052ecf8fff922c1b15ddf486553463e93ae4e8345f62147970429f02344cab66c8a8a688e4e58264c625614045926e9c0d1211552184d2666a2800c2a195d1e3f4d5b47a30911c7444932ed21821a33340e83f1a7900f246a880a8e48bee238421f9059348f6e2213d0108143c4a92846d76944621a0ebcc56f10481c133d27d9357d4dd382840f61221b90571c842e8b146548bf30d2e418e42b4141f87e80bd24492691c6d83d4eedffc78b1c05af083980ae529e9f688854a69ccdd4a6c1225b4c37a24286776926f0035b1079d2547412c385f62711c5c4e837cd31098245c522a9a624425f599e0c7d9208142326a45cd1c6c7fdc1a7e811da85b4c27b7494541c8a9911f0c533e2e33a22458b2f761aa9691798980417dd2699485ea46b1c479a445a85d7f79b4d5e087a1c62b448a620c5d157fc629a863136e1905c080d438561200aa224097f1aa3c707f9d3d7e3a34d331b8d66106c6cc0304214f1be4f39b6f338586470c228c1267ee486b185dc4a22d2cc080d412328063fe25fb4130542be3338188fc6913886f8900c26b6e112c48be579fef1b949e5304c8c6c0c429c8465387c471f4892912ea2f449c9e0b721321119499a83f6a29724244825e405be51c848f201c9129273f88eaf69d3c966d34e92fdb0332285ecc696e43d4e8370e34f48bae686883839365e68f99f0bd50f5e3f180f12e800e76750dae863841e4f83956038f984e2234031bacdcba81e026731250a9c809101c4303c8b02f35911c5caca28a0381480fa407411904573c83c6c95203b381645f6384770ce29209313e130a8c908c9880a444602d63172c8564493e64272420fd58a4ff079c846b440ca0c8dc3ae498cddd1b2689aa718278e8d12243c3a4fb087a37836c4bea86e961243441a31c1e9d11a468843bc470172aecf1a9a9a912512259c9360ec9f796118f07afc06e7c5a846011944db1c8681eb78c13458044c48bc31445e84ae0a4e48fb31f203adb4c3d88e123be14086bec43314a02af4593a0eb838882216a8462a2cc40990f0c80532c8e490e808a91f0c11292ff047ece2f0040af12b0408a3870c05fe919c09c8d90382f20c8558e0f08044302081421c99340e958604c1b143f00887129da65efc7de4c60fe81f5228f449743062684c02989ae074c836f4daf63c4e9648d4bf5f7f7f2e567fee45cad00f23b4d3b69c7ebf3b19777f90596816c9578c9a80de8761ec079005117e486854470410e705ce0b3c7c8a918b18042b985636364721843882ef7be8189208dff1ed713f1f8f049a884f1fd30fb6c477b20dda8da044b12891cf785e46e81110969aa611929f401e092b014690714cd02d894296e4050e402a9a0cfde313019e38a417b407871f82202468c5f30422d0488e77c10f802c4920a5fa675fa4f048bcc9ebf18fd36d584005a86d7e7e697161a190cf4f41021fe30c18e438e231c09e0d0c8c3d9b47dbd0cd84073483f43d24b3ccfa4c480918da2816105b1c98f24287e509bea263602b2417e96144c0052fe417456a163d02c609905a828037043da667863a60a398241529596427883622c346c23c0d16ca10d0197ac8641ed84121e9e3491006d800cdc617e9c2744bc40edf293a4868a27b2069a898048b2411c3da9e2f280a39252167b213800d71c15f6c310d04ce8bd092f126dc8294045491960249a4b49245cea0382305c7a4130f4345c76c8ce2f427d628a6001b2a2001fd4586c5ace0230eac1804185f81f120b5388197580a80e53110868f8b4e6050b1144114d4439210b810210a30bc285680991304189c88866844fc781e7a208206431fa1264821135846d2729c4f7918a338029621f13d30002811e3872ce77828380cae8f534fb7875a0667a0e3e05d86c3c8e1fcc079c22508601c860ec422c7700a828800910882bf404e4c8f61060ce34104d00ccee12734182b205848f53c0f4d82cc0c92d88d489521a291228bd8dd422131b41bfa181e7762a34e483212b5c012591cd302d0c44f248697284e13e4696e24445e6220484f303064a4905f047a23048be031da0c5d40d28cb413d08ebea0c848ad32386b0855050261059664254a099c890660cc0546423c505b90958494087621fe78c7024cc0a4247b8065f88c0860521ec05e227409f691d4c40620179c5512f928087415b1223d22b936cdb141ec3f1c5bbb7ed08afd6e148ca8784425f81a130ea6fa8e1b06f1b03f1e9ae3eeb04fb20f3b4f4c1347c430c1a9209821aa0e7289202a901b21c1808ac46e20ce680e51782ee28d0693e82421ba302d37d212bc00dac01b9157504f210dec409c703472406c012d80d03e4e78d417b26caa52230022128a1025624cd40acd02bf12285ec0244e49bb5e4832068944880c2726aa02bf400bf013da13c701910604d0919fe8841f0155420f0df37d6c10280afc1619e1c72f441aa09c91449de7459653395e626889a6457c27ca8c4ac00930750c0f750ae2785caa493a9d5254958c04854248142de584b187e8e1c4e815329f164278432400e089880a343042299348a12f24dd912c8f81169988724766110cc3ce28da2958a38d90ecacc4091030d0a238d8d4a04d8913564b1491550823e21904e00a0224c08fed839307fbc79b5b3b57df7a6f6b67971705c402c702fe218579685bec02f4400621f9c011b05e1cea08c58e06a142f1091fa290e244d3896ec056245c386f1ceb315de2b8549404c3317c502aa1758ad2424a9d82185420e4674c71b69fd8a858b2174df99e4f500d48067024e9408d7c2f22b942b206f98d080170dcc4472fa775801446f623b3003e84fb1e233a228b310f810e0824d804db10bc40467c3f64c446103a8596a231e88479a121b10b153b8107a42714070c02d9804fc460bf71f4075f7ff5fabd5dd30c2459db3b38f421c8a638849a25954e76c00b0725694e842e4e084241a0511964209152383c031b27cb22194c52e3245c4867878b5d8a7a747c7832e9e18d93c4c8c300fc3e8da763b940771f16d047a20a049640529dbe351883fe8072e80913b901175a94133291c8b39c1f9b5e328037110991c4020e00c917892c2f206ae8390de94ef40b121551e0d8584459b08243635762284516b291740b0a23a4d980e190b38047e85c282f1f35031e94a02cfd64341a37eaadededc39bb71e74c7a3dde6c9ee897df77efd9ddb7bb2968bd06c679230dfe75cd408313a4871c886989788322458000108a7ec83306311bf06458d91eab262a829e4156a9644185fe87d4237fb6d8e0a2fce2c3b61f4dab5db0e4dd7478e47ea80eaf4c7b22692b2803e9708040021f0394602881679146cb3e8c273c68c3db1501e00052418101ab842a4317641fec4681d0f97821db13fb641fa3c2ec630402c8826841723ed21c7c691491542b320ced819508303e13b0ff822fc097f406fdebf7ff3feeded8383a366e3a4797c707278edda4d74469465647c67301898a62ccb278d06ca0a27c271494a11980690e25f086ee2de51a22cfa80a24e22998908d750ac6f056c48c93cb1b5d81781c6fe8095a3fe4490b48d85655003c331a72e9d3129ea7663bf11e25fca755c0f45174151a2b6c85411e105e44f4693555960647ee23abc28b1bc82ad509884101149f41ab14288013e880f44771010749f8a226cf1d80f924d512024d9a62f941bba41009bd432d03cf01fd735f91d8708210db1034fbf75edfae6f6a19ccbc68242c14e919a4deacd1e5cbaed7a285d278af6ea2782a659363200e705ba9317cef87890c8f7291f7b4e00b2802a4deb30cd1107ec66a528a05500b9c2135298bed0788c3e2faa3227f4bb03426614fdeebb5bfffb17ff7d6e6e3512c94c0ea45904110c8512c6a81862cf1063c08c638e22d7b64626d264ec079e200c2636f01e198823c37c604b040a61400ea17f04b37046a4f3748c7ddf47ae11c22590030d45920d43410810680b3f48b8989524f9318413594fcad20b782f6493afbd7ef5ce76fbbd7bbbdff9deedce1065a9510c0f95a3680645e67c4069f161b3859a1e4c4c8c1f28819c7b3a69f5386a8fe3e57a5e25ad977515a7716d07fe86d555d38ffb238b254697ec0816262f70159de8f06183011378c83791a22aaaa1c6494de16fbcf1365a39b15c82cdb03502d4bccbe60b7922d3e9486028430225aabaae998ee33334c070b65a84b644f780a464fa038d056f7dbf04207b480221b34903e067883824ad412400428812cf6168113dfc85dc014bd1610432269bc3d35936746d2048fcc8715e7ff3a61d489d76cbb688bdabcd94309ab6eba7f2e9eded138e131c6202e26a294f0741a55c428b703424258efe83beb3bee74982c8068e2af13e9a28e9ed81757b7bbb39b0cd906565f1c527ce7f3f52d32e7054a4097456370c4d43ebe9c89faba49fbf745aa6e3b5b91c04f3776e3e9cb822c769105332aaaf9857135a769df1b8d36323119ce23a0e118b4c9c51b8b94a06794d224109112bf00858084a863d435e28a820346e3abbc223850866a30f2450c4f0264465535067e049495078e4000fd5eb4e86c160386a34bb47c79df6c901e58a8562ed1bdf7bcd676411c9c8c3c405f97c1a40e4d9267080e7e8516f10f3024855e6957cc628e4154d26735bd39e63f0c810013ec1ad39496215f541abb3d3b1efed766fdc3ad8ea8eb61b9d91e796d2fac3470fee6e6f1fd79be3c1a4dbec344e5a4e983487a668e8cd3ea886e604229861be2095d0f86fbdb313533991a82e7089c4e60a39486e5d61668ae9523a5b29a7d6166797662b4bb5ca7cade07b0eac1ce089e739e4110b31cd317ee00b2c1fc2aa119c0d65053124f212838502e17909a8802e90094b94060849431d8687c7475049edee6860da4412bba1e3d3c3497f77efb83253bb7d7fd30f05781e4221a1aff342259b733c67301c2eaeacee6c1f529c08f0000c2f2f542591cb193ac603f9344d6e1009eadc87e61205f1fa76fd377eef8fefec9e6c9ff45a3dab39990c06e34a2e93d5e45cda607805a667ca46944b89919c698c6d2791770fbab2a11b0a7b388cffd5ef7ee55b57df79eb9d5befdc39c95656601dd10f5406294368e69cc1aecf97614c40e4ba2ac92c2513d18572c2e8c148c37c4fa744a6a64f840e44ec656842369552113ed331e1e9a7850a318212e72053105052232c63f9f6b5f7ee0e8676269b136505e40228b31cbfd7b786d67030727543ef0d47ddae03098d3a1559200057ce15c7ce686299a7cf9ebf757313c122aa2e08666a259a09674b05c21c640216df98805c2b0953464a908d7ff66fbff6f064380929cb45781317194ed1ab73359452abdd3969f68e8f5b07c7f5fdc3939dad4777ef5c3fdcdbdeddbc33aa1feedcbf73f7ce83c3dd477943ab16f32b2b67bffbdec3546116b54e26325031b9421e824057e25a561eb5bb9089e035d40e541327c6d0c1b07e808684863c43a263e4218c19152280e36559e579c173bde3e6b1e5ba300990cd4016eca1081211ff40368e7debdd07ae9b88926aa40d4030036fcd268eed4d86e624f42d2789a2a0502c1cedf714564120a09340aaa9540a6f06e3c9eac6a99d9d03b846588bc873f27903aa606da106d0c1908376103337707455c4f07647eeef7dedbb092b889280c672097423cfc7a109833771274e0413645af6c4b4288ed7553d934e8bb2847a170037aeef38ce10afc1b07e7874b8ffa8de3667174e83d3712e028a855c01aab9687033596d6be7901655c44662618e79e84b6409519e53e54013db349df324fe9808424922d7af1cd7190c7a80416c044417155554c4c8f3c8e4baa4ecd63b6f5ddbcc17cbf30b4b1025704b2245431943bda1aa1c3702d1bba6bd5c9dddd9db66c0f19107e28413d454cd50b9d160b838b3d86ef6cd89c3f332685214d95c465e9dabfa5055e01011dd4cb8284ce3a4a8042df3c7afbd4b3102617032bf2279f0b061e079417762772636a86bffa8ed06345875e2388d7eb7de6aef1d363a63af35b637f79a9d51d042c23b0e787034a19f7fe1d9c7a60ed4cf1673799f665302b4b47d78d2915543623859e063701a3209da124a0ad8839a226d835c88c96543641f94028fda8c00daed4613425f9664f093a4e8800f5592487805f5f7bff6cd93cec836ad7ae364ecbaf57a3ba3a58801a7b809402b4e4cd076409f9a5f7974b00991c5404d235631038f52c9677dd38685cce63247c775184a8fcce4054bf3b96a368ba142ca133f1ff8e50c64a200854249da1fbdf61d1f928227ee9793e584098084e8899704389fe792410a23c6f3ed766fd4aaf7e99076ec706227dd413b8485a1582b0ada93c17167a82a95f59505947a5acf4b649a782a2981f6a9742e6564d04381e781c753e33b95a0f87d4c2c7c00db44f09783e101b843b27b9ee7bade783c46e7d03060262ad5714d89cc7323b4a4beeaf566c232c3c9b8d1eaef1dd61bede171b347803c89555238214114c83fcbcde7663c9fcc699129053ae943e6d90942dfeeb7e697cbae6fe1cca839c7f36c1b3e0ff186218d02d74d1b0aa16b009e6a400367750df18531103929f43d8e61045e107934ca80f5745d2b4e1c804794588a2415b2254d55ae5c39f7a94f7de895979efed75ffcf5fff1effff2fff26bffd3977fe79ffed697fe29c465e8870c6448182ab238ad7a981206602cd03821c520066804ac27f27c7a7565aa209184344f3e811127d395c4e2a05f4016528d226c1979b11cc50bd00a3e080a39309d020d41e901b89d03d909b647ed1fa30a3002119408f6842e6139aed16c5cba74810c0dd90b63053942db6e20a98a6599c57289b877a020b9de011ca28390340c9bc2b11ab21453517f6c0ec6a66f590be5523cf1291bcda5593788e0f3ecc01fb9d1249129051490969827ceafa6445612fc286e2f2ea5d656f2ba119f5e59b487bd9c217a96f3b56fbcfbc52ffe9ec8015d444407e98be2600bf96c407139993578aed31d83e830e89cc8faa44ce10359922de45a3cf40e94dbd4d3c00c536002e85a528db66d8e47a62a1b284b482b966345190a2b8e8280e6c5b76fde1c91cbb2d0d94c0452008992d9c458d348f6c5a164c3e752b43dea9f7de2cc9b37ee8bc263454ef32c230b4921971a9b938b979fba75e7be97a0ef14c72667d696966b15a884c9a85fcaa20045270e8613cf71883f5354dab67bd99496cdf0c502ad1911473995822e0ad170d0a15d36f2c7fdce318ac50b900389351c3f7cb0bfbbdb0e4d7b321976ba837fffbb5fad64673ff3e31ffaa3dfffdecafa0a06258e39203182958139cfeb42259f6eb57b8a888415202b11524184ef45da056164b28c3fc54ba22108be73708f063213ee7582de8c4d45d5115a5e9530182cabf0740c90e3f9cccd1b470e242c2da0977168332c05a707c7a81906945908c0b35d37f44756ffe92b17aebdf7a628e97e0ce6058d1838dd5cb5d86f0f9756cb237f7cd8ea50ac90046e5a665e7af66973dc8d828992922038799c18604ea36cb9d87736966b174ed7ceaccdadcecf6755fec52be72eac2ca50471a698bd7061ae3a9be379e6a90b175e78f2e2a3adddcda361671c0e7bfdadfa71b3b1f7b1e72f2f5532ffe65ffdf357bff11d4ece1b39884de0328401f16902c4e614b93c968bc8a405616e582d1410800a580974973d104048793ec44bec456c10d13e04766005b10b4073032fa1c9d4201c0f748720087082d3ab6249a998c73bc85348596060e0bbf8182cde1f8cc9b09299751f550eaaf5dd642e5f61021a524de2e838f41ccf74039b139876ebe4a9f36740a2f814597e6ffb119ad7ebb667e7660d2385a3389309eab158c8e98a00c7a74c97a938d6e8706727a7190a8f16e1a00cc53330e777371f9109742abe7eebc6d1c9219a1d453eaadaf3c2566bf03bfff60f47432b9f2d3c7cf0405135b00d0a86a8262826b2ec8562813ea0b898f223ca87c40ae2c00330c1b190a9efa9bb49645d31e6e7164f9f3e579d9bd7326956a03cd8ef10bd07f6471efec42171846144d016e80760a3a3a5951a457bd3eb16642681c01f8a2c64cd097cae15c62e0a175c012b543fe95c3c753af113e01e5c119991744c2774316e83fe6863b63a9fcf0a499831b4fe60d0eeb455458352198f1d45829f5580e73005814f4ca1e3916bc90430582e7063f88566bb33f6cdbd93a3667b3037bba4ab29278e2acb4be95c1edd95c8ca1d3af1032a11ef3e38fc3b7ff757afdfb80f8a443f90e2d046a826914bd84201984517742eab8aedce90439e5370b90a689f5cbea26381e7e6e66a1f7eff8be7d657d7d617e6e62a33b3e58d53ab730bcb8aa6f861dced4c46135b1465142ecf90dae6c8d4489cf824deac2c5cbd7e8b06947102d81140c1f2122282c80197e13cc01c104cbeeb2a227deec2eadbd73663510028d289c0c4be96d6c74337ada52e9c9aeff407fb479d4cca18b7ebe7d6574eafaf38969d4ee7684604f8f88055594ea7b343d34be72b7a2e1fd1426d7edd7663c04ba3dd01112378e74eaf9573b9fb9b9b279dde6bdf7d13081f78d0c90854a02b1244a9170262790401967966e942369f2334c2f2862102b3d2019da405a692cd1e1db70501dd5282804c33a4f3c6daa9a5679fba72e9f48a40f989efc681633943db19a13e83442c96ca738bcb33b3cb8224d74f1a0274330f5e9459898d03280b9f034d1aea5b37ef4dd77940a385d00c50251c4dfc35cf253c27c1bd427844918d917de9034f7deb7bb77c8647b1b1f04b71887173ada49a2b9c3d3bd71d4db6b68f21fc164ad98f7df4831c43c178498ac6f262a13677faf2955677984a658244985f59cf5566e7574f297af60fbff2f5dbb7effdd0473e76e9d253b54af5277fe2a386245f7bfbbd81e57a312d4b922c4a53f9c484be2d49b09712c049d7655e342ab3a7655d45f5b1310914147c05449ce7a59ca276c70d06a5ee43be8bcf5f3ef3a90f3f77e9f4924c47de042eae6bbbfed8364743a8aac434edd80b1d9b0862b0c1e933674e6d9cdedf7d4441c93071bf33344d4b9015949eaea837eeec5ac389248851020941e418c5ba40cc104dd26030019991efd8d0742f3cfdf27bb7ee40c2d309b0c287b2f0fd804bc4856a7e6da36a5ae1f5f71e60c03ef9f10f544b79945a2288994a895365355b703dae32b3985bdca8ad6cfc8b2ffdbbdff8ad2fffd157fe208c472b6b2b3ffca94fc06efc87affef1677eeaa7117f95131e3dda396a0f5d2702dd9349cc84053342ba16f474163e09a25ae147e664e3ec53b2a6d121a58a7ab55265f3b922385da5997c4adf3b6a50a19692b51fffd8079ebbb8a47049bfddb71ddbf49cb1e70eac31400acec699983051e6c42357c5fc300c024e10e6971766e7e740bed95caa54ca148a59a416f009f0d9190e8e8e4e305071c283564872853e9815c20d380e74c3d8408c3ab673f6f48aedb9072707c41b8721994da07cdfb257178b1b2b1578a0ddfd93bff62b5ff8f1bffc1797372eae9ebdb87ae14a61715dd5d221d88716efdedbfa1ffebbbffd6bffdbff7aebf6f546f3f0873ef6d22ffd573f3f5329bb8ef9e677af765a83fdddfd895dcf65b3a97c617367e7a4d90238208921ad5df8333698ab9554995bdb580a12bf3d76574f3f4d567084493695e6a1a0f3f97cc4c42ac3d98311fc79255ff9c8cbcf5d58afd2d160d4ed8d27368a7984a4a2280b25e8b8905fc827340e114361437e29aa2a696aaa5439ffd47393f164d06d32e82118029449b498041778efcea3981212564c60b3819649846a4f002a3c8d3a807f72bdc0b69c7231bdb434ffcebbefa27e1d2f1238e8e45064841ff9e487a0d20170efbc77f3bffee5bf595dd810549d53f4189f31e2d6c3ed56b3f5852ffcf5dffeeddf6ef786abab0bbff8577ffeb39ffd8b2fbdfc8c1f9a90be711ce5b3f95a75666161e6131f7f7938b4ffde3ff8d57397ae6cefec83c7885185daa559818bb3697dd06b83d053b9d4de71375f5e1124a95a2ac33058becd668a79487429a1176b0ba7ce6dbcf2be8b67376a54627527ddde601c06212070381a3b964fa8c6018fcaa2a28d1d1f9f47341cab902b1757d6cf14ab4b82965b5a5e3fdc7a648dbbaee383ef207f92982957ca6fbd753d6679b2de88c809782372f99aa1e181037811885fe8638c0494db73cf3cfb27df7c9de2952044a404e841cf742e9c5aaa943536a13b279dd5958dd9a545748d4cc546c183dbb7fec93ffa476fbdfde6677ee6479e7df1e2dffb87fffd4ffef44faeaeaf16cbb3b2a24992ca5241b6542c17b247877bebabf3b2ccbffbdefd6fbcf6d6eeeed1dfff07fff36f7de95f4249a3a075dde09844e2058e22334ebd7e8f898542753d2017385927a2f085cc2a80cb81d2ef7be1e95251ab64b8307406a3217a132654bdd9701c0803260218c28d25642980e50631c58d5d8f992ee14be5b2cb1b67253d1b260cd071b652fdd6b75e6d365a9aaa0b53d10fbdfa68eba83fb698a9bb8a5cc808e237c9b5e7980f83d84722c2e084283ee603ef7be1c68df7867610332ac790eb1154c8cf562beb8b0500e5e5275f4e17ca7ff22a5ebf7fffd6f59585c54ab5f6a99ff8a942d9f8f0475f397fe165810befdcbcbdfde851b994677935b0bcd7befdbd71dfba7bf7c177bff7262fca5ffef21ffcdbdf7b554e156443bf7ee726c3d3084dc24496631b32b8570f0307c50fd1e058a8ca5596a7035608194590457a63e33470677da97a61a57a797561ae9c1e8e469d6ecbf32c509e65fb74c2a1cf9e1b82285d327742759069962df27acc048bcb4b2b6ba7974f9f9b595a3d3969298248fbee97fff5afbb836e0a6282cc6b699c48bd7767ff77bffa4d4e5321272087131a8a069191254ae5b85812298830c70e1491fbfb7ffbbff8ead7fee8f7bf7d2be4523c65d2ac48d9f28b4f5ff8dc679ebfbdb97d77b7fbdecd5bc59cfe8b9fffdc4f7eee3f23a1fcfe2be877db5ffae2971f6d6e69e98c2051ddee09186332f26d503b9950a550c59389095d2088298cab1dda903750afaeefc11e3f78b85549690b0b9589d987f6841c6144d5ecf81ffbb14f1d7b9c9c59365499cde58ac866e8dda54abe5a3092d8190efb1e401546cb0d59720a49cee632d55aba34e7c5941d851e4516aca88c0ab49215a35459112505b5f5bbbff7076f5e7d730aa87d382fb28896a853fc0be193bffaf6351a5549ae8d216001b9f647565512258c787944855240d9f73f7f65636de9d6839d4ecf01f0d3a8a21007894781f33b7ff8b576d73cb576ea99679ed93f3cfce33ffacaf5b7af7df31bdf7aeb7b6fbe73f58dbb77367ffdd7ff3992bbdd1bf40630d55eabe78cac103e1c633b36bd891d5a5e34f69ce1c41d9b162ca1d51bd94333465f7bbdac041de2a2e849f9f09c912263dc6c36479336c0ce322355cbb0f9622909c3d952e6d98b1b699533cd09f0db73c9343a6a4c94b45c65464d17580912594b6088288a17249e13632f98595c9a5f3913f3a92864befdc6d5dd8366bb377af1e5f725c1b8d7aa27a10726813160195ad6d43b0f1e5a367c304faedee0946495a6482e9c9185abae402e0e3161143ffbc4695de5ebdde1d17157e18452d508fd20935276f7766511ce3a6e350e6fdc78677b6bf3fe9d5b37df7bfbc1dd9b47db9b76afe75ad65ff8b11ff9c7bff64f2e9c3ffbc52f7ec9f7c9a405c4ade7a2c6192ba08666e8450c843334a7c8269ffec0f3e7574bb280e8570c9dbd74719912e442a1c4b2c2cf7df6677ee6a77e747f6bab71dc9c387d4116f454197a67ba9229491459ca650c67d2198c261cfa008d38f1e1732af952ccb0ad76c78f6851d760b2753553ccd526c3916df4b46cd64156f3ea9ded833b9b870e998e91eeedb79e5e5dddbcfe1659a207cc4c605104c8b7d59599e63bf7c8b2079646a8107186654146441f40ad0b3c44981d27fd5ebf9495cb851c1d04d018482d5d4e3439f9c88b1f7efe89274b5923161233743ddb4e62b290008a5197b4b49282c6e1331994e3b9f3cb1ffff08b6fbc75db1c99e3e138f28552657603fa6b693d9bcef6ea3b37ef5d17a3c1e9397dae3433b93c0b5e7af5f5aba296b64e26d6302818d9eed151f1990b9ffdf44fdc7cf7812db847c7fb2e955bde4811bbe3c6d4a96ae685334baee58e6ddf907549d6d05131ab4d5c6b301c4c1cafd11f83a45ebf7af5adf76e420428c0c25c5a4895c454d1f5fca3fddddb5b5b52bea4660a8d93cecf7ee6130fdf7d2b72271029b0d5e4fa214716bdbc73e38e242a54044b8a64847b77c0381c2d00db6515d2200902e7f4c2e2422ded79de3b6f5d5f9caf9e3d75e69557de77fefc6ab93c536f351eee3f3cac377a7debb8558f025857d1f482d6d8dc6eb407a68b1144d66c3dd805575cbc70eeccdadaeafcdce58b97cfacaf5e38b3965678cfec95f399f5f585c5c5d947d059bdfede41f75bef3ca033e5949c5105b66e85b5c51931b162dffbc0fb9e1998e6a3a33a92d11ef5f24696cd17727ec4ac96522b954cb7dfb75c7b3202b4d36abac8c80a91217efcce8dbb5f7ffd6abb3b72c95514bedb1dcdcf2f66b3869e2b49724a96c583e3937bdb7b96eb3ef3c495c6f6c30f7de0a9adebd75c7b04ba93589922ab1243c550dfbe7e0be6868af9882293b13c13f2ac1c21cb104c965220073975a1585a9ecf5a81bfb0b2fee10f7fa0d3ebd61b8daded83478852b3d5ed0f5a9d41b33518d9dca01f9c34ccde287669a9de69f2a23e32dd6fbffdeec1619da5b9d178dc6a35676a3596635bad936221a76992eb9ac04b86079208e3e164667e91e7c915c3e311fa0dca4f94f27cb7d37ee6ec4ab7ddcd19d20b1ffae037bef5ddf17008dca540d685421e427f2627afcd1620f0c1fd7610357bd6e11114afb5bd7ff4d63bef1d347a130f564e03950cc62680fbc285f3e5524e1480f17a2a670c6cffc1cec1cae2022c722d232dafce8debc783411b029407ad0834cbc7a2a26cef1e0dc7c863de0b3d9a5c272257cf48a9c6a1aea9c842cfa64f2d2e15f362be569e5ddaf8f6f7be856cb21c942e2c8a42020d2309451b05f3a7cf9d39733e53288d838455e4380ae6e6967851c1d1a7944289928440d32c8c954dd6d42401280f98389a9846261de110e4961b5a16f520e64d56a6b9ec954b4fdbbc31373bdbd87bb8b2b4dc6c1c9f3b7fb198cb7de7dbdf8163a1e110c9050b28d2925e3004c70f472377e486142f320c8fa889a22cf1223ec7a92227f17c5f92050f26cd77b3c43514341d4a9aaf2d2edcba715ba1d9d01eb34c9cceeb6eaf331ef500486472556049f3692e08d9478f8ec0127e047b1350d06f348b1a64185a1404f03ac4efca4cf5e2f9a5eec46ef7fdefbd7d95e529327bc26a6491134df33098b17bf1f2e94b4f9dbfbf791ba46705b6a84974e04b82005deb85218751555530d470344c67d22c23047e00b51825348676e760bf3233836025216d798e266b133f70e5346fcc248cd809f9573efa01438a7abd0e9384d678fcc10f7ee068777fffa88e08c04ce7213a721a53cb6b3159f4a053928c5f607c7c37e8753af0e14b2bcb73f3f3c574c930d4f17890d6e46a2997cb17a1e5e106a4b42a29128ed83939e6a8647b77fb9baf7fe3834f5fe9f79a11c2406660a6f3ad0165a44a57dfbe45f37c9880a123b28c9c84713a1b41d69b84aeefe455e9e92b67b574f10ffec31bb6ebcc2e54a1c1a284cf6733baaeaaba922fa662c6d9db3b56044d120d2595f73c5fe7229e21eb303cdf9b8cc788850552771d4d0329696144218d0c230d6eeef4dba94c16e183c23a6e1c673386172675008f60b4baa361c202fa36160a5ffcaddf7cf6f2f9fae17eb5907fe5433ff4956fbcd632276c2e5f60232aab0b0525150e3d568a2dc76f77c747f55eb7db2c16f2c56a0d69a048722e9f5b5e5aa8168b86a6e7723996766555677895a1785d9167cad9d75f7ff5f8e4b8525eee406aafe59c719b110b95daa29692d2b9826a184b4bd5f76e5c1f9936c70464a56800974891d942daa13872792caff0bffc85bf52c865ab0be7ffcdbfffaaa0a950704198ccccccce944b3c430510901113b8647136ead14be86ec785f0d344409198705210249ee3b2a210b3dc6030425900bf5cc73e6e1e4b29991739daa703d7cb6632318d9eda70a7a2224dfafd4f7cec9552b99ad6b861bbbe509bfbeabffbbd85d9c2f4ee28e7f4e573d94cfa8def5c65b385624487a26268d94a28a8cda1054bd8eb762c6b54abd5a0ddb6b6774e8e4ff6411bcd7af3e4783ceccdcf5425110323025343b2ce8d3164c190f91b376e763a9356d7fae4273f9ce59cf1a89fb06a2e959ecee9a31659c8b389e56f3edc4775a2f86886ac5325ab08c93d159cc8c3cbc9bff0f37f394aa86fbc7eb5d1ee154bf99595a56ea76318a9c970301c0e1c0f94030803d4c1f9b2f04482a48fc7634d8a27a683c4412d079e2b8802cad0076a384e9cc08288839195cbd7e0ba6581edf507463a8544c6a12c6b924e650683613a9b574aa5996ceecae20a9304dfbbf6bd41fdf0d4dadac9e1614ad39e7fdf87b637efb1b9422988adeafce50b2ffe488fccc58a51181472a995d5e5a1690e462364b2244a50b1c0e1d9d919e85ca49b244b8c9652d50cc709e452354f41a975faa3bde3b6a0648b797936270c87435e32649689021b9a0bb0ecb94e2a9dfed6b7dfa029e01759ccc810178dbec35fb0022b76dadd4b572eaf6c9cfecddffe926e68f97c2e0a6016624d95d13109bc4baee3d2a224c278b23c5895d153d9c16020327eabdd1b8f2dc4cb314d9665fd38744c2b6ba42455016b75072345cfc8f841e4ee6dde87760056f2a2d86db5d3ba0af4393e3acccc57a3b1399fcd020d769b47bbf7ee1573197472d01fac2dce5dbc7c8e210b159380e34bb1b62ecf9f4d15176a0bcb4e103e3a3cb971efee09b2a9d5ae952bf67014f3426f6ce999fc8dbb9b363404cdf7c1cf13cbb626c7b018319dae96dbc3eed1c9c1b9536b9c2034bb03b4868abc106a1aa31091d5b0a5823153d6514f3c82cc01c7c80d5280791aaec7f128f8733bbcfd6007389d2471a37edceb0cd27a0689a9e9c062554be1fcb95426ad4088a6b390b2101c41e065d2994ab59acfe75dd715784157358915e0da7dc745ea7bd0b76c3c325badfe510c3fc80b966591c56564211e3d19f633bad46fedb3816927933777efb5ed4925579653d97bf7b7344d3f393abe76ed5a6db6c696b2c538f1b2e58bd5e5f30cc870f7ded6bddb07fb07032b52d4b408b74bc59d4ed7f761dfc845acd178827a6875bb82aaeb46d6b45dd0142b138c585a3b3f184e7eee2fffa527aeacbcfdfaab9d7aa35ca8881865b2fa195b4da796a9c4099dcd9d833011a829974f172651022d003a433afce55ff9e5dff8cd7fc643d043d14711f404592b8a4e934b28d898f23d8f2c728d41086e400ba94cbed3389e9faf6573054401a5c543bf91e550e4364e1b301f20358330084c67acca22021451a859339dc990f9458aee77dac57c015bfa5e94a95603b2c09c0d27f6c1d60e385110d9623e3f9a0c2a950a13b11e1dcb7e3ca4dca3f1fd1b4173ab6c6885ec4ce06164d2b3b31b996c0e0c4fabdacc4c4d9684d110fc486b0a1f79de78340929c14df8f1d8eb371d732cfca5cffdb54b972f777aeddda3e6d9d5f58cc4a3045891839b44b40272c3167de9fc393786d4d698589410bcd08724c0e7beed7ce2931f7af3cdd7fbbd36440d6a4ed3253f18f57aedc9c884af74ddc09da04b60698c9d1b93e951c0a1a8f094e505d0d911d29d8add10622b24f70ad051cc268ac24ba2984536f2a99468301c95cda5fbc33e990c48425591c93a3d27a916661a5b3b72c28092e1ea1388408f128ddc5b77eefb2c8df2baf9de356056117a47862c50f4eee1834a46cae673e72f3f31b7b2ee274c7f3c5c5c5ee215f9e1dec17e73c8296a265fd23329e4b624a48ba5ea744a0fbc9da3a422ea69692eb7309b39b5b8dc383c14194a1250bb310291902b02541040b787b962eeda8dbb8e858c8a023022742b8218925bf4bef02b5f78f5d56fa0521cd7b56dabd7eb2248202472595654445e1618786f1abd67a7ab5543564565f61b47e572097b01dda792355210211eb9896a7032d93cc61af11af4fbd54a2561a9542ab57f705cae5622721f130d7964e886a0cafbbbbb855a55363228e45e1da0b5c98a2c142512757e660ee2006c98a7a350d1b2680be70eaa95f2cf7cf6e7f2c0ad734f9cbbfcbcaae577f64f2e5c79a6bc309f30ba977072bac0e9392d37c3497956cb0e438156caa1584ee5aa8b35e3f98b058923b7be9c39bb7ef3dadbaac8233f599000987e7a8733595a4107fdbeb9b7db2113cb00ab309caf14abe51c24d5c699b3afbffe3a628a97e7a2c0c9b267495164f265a80aa4294687dc5f074d812e85e45a85e18d7b69437feffa75d7f7ebedb6a119922893a5d511927592c990abbc02cf0dfbfd7ca1e0033a29a6d7eb03e3c0c564dd554c75fabd7ca9c8067e7b302ccd2f0030ba8d46e3781768c03174eba4b5bcb442c5219956e6001d3457cce8af3c77e5277ef67348a8ae1d765cdaf4c4f9f93346aa707bf3c1cad93395e21cd86d66e54c69e95ca6ba3eb37086cd945d29171b4b89983624e67d976773da38717622aa2bcabc33b27a8d1e1351f8039a0676215e00309e4b20d4debc7a2fa47cb00b6a65ae549a9d2d7eeac73ef9dd37df393c3ce4803d02543f599aaa6a3aa49624c964794a0ca20085b1d30b690c59eb4449e94ca173b4472e4353f4d2ca2ad4ad637929dd00d6d274d46e37e0f991650cc5c06356ab55880e50aae3f9cd765b33745dd330209b9b9bb9125c96706f671783c6b342ebe8a4d3da8dc98a8dc81901a928283da05706a345fbc947dff7cab97397afdd7f687a8ca80137d55a319d35c453eb33a57cfe607b3b719ccacc82515c60e4aca864ed58b10286130d2d955e2ce7d697b8a5a558a69a4c7842f3034051295d9c0c4cb4d2763d16d548ee4e11c08a9058b542b150cc7ff7dd9b346b7031ed4f460bf38b4f3ef5ec6f7ff15f4a22c93e686e183a49268b5838725b0f59a728f23cc2075c47c13221c7c99c2feb485d6f502f14cb5bbbbba94ca6dded29c83916c50a72109b8d81241bd5eaace55883412f954e71d08648578eadef1de47385949e8e2c67d8ed40b5513ac58cfdf1c496f3a9fef141bfdb828da5699443640d7be5421e65984307525aeaa9279fd9d9dbcb64f594ae2fd48a2b332062369d02b2c7ab8bc5e79fbb3857cb4f6ceffe836db8f0b4aa952ae5942694f372adc8cf9720c4d0a188726d89ee82d9685a1b3587a1836ab2e2a96800e521b9c89569789f28e024f5d5d7dfa2058daca6a4fd9ff8cc4fbef5cef566b3cd635fb29c972c0b6759069e1179416e9780e126449f2070a06885573ca047a936ec75f2322d8810fa21d4ecd83461276409b18d395638dcab57e7e787e688a2a9913582a68b82c44493e2b0dd3829164ae432a8eb22694d6b124b615a5076f6f752a5cca4df318723729f216a9ea14710d854c4a6c94ad6045a11872b95f38b95c2a9d585723e85cc254b696928245833e2459066e74f2f2cac2e398351efe46069b6f0c2d3b3f3152d67442903800b1b21c63e6528a3466320d3a96b57af6b12aff00c84bba640f3b311ea86264ffac0b191bbffe1ebafb1bcec854e75befa639ff9897ff9afbe2c718291d6a03953e9aca2e8642f912513125317c9914893f59bd335f5e43e64c9284f7a9d9c804c110c4397f152e4d02737fc26e4691871af37c85572809e18b2186a3b0873b9144d1e2211c78107ed83acc5d868ba62996323adc293379b0d9c16c4da39e990eb75649a19468ab29d319b2f149328ce1a7a4a95d797972a3983e619d88876d7ea74e3bda3716f188e1df6a03eb483f09d9b5bf373b379cd78f9d97393612b9b4dab2936e2c5ded81fd981208832456734ff1b5ffde324e42dd46018bbb6851c6158ce0f42808540ae9593f5748691fdee5b6f8f877618b93ffdd99feaf707bb8ff654003921059e4332f1b22a21b1105cb448c6c84d2f3b24e48603c02eb28b16d3e5c56efd6836238764e91ce5f8ee6834a6137275208a21454974d2692d0cc8f23c9ee686dda16118a0da244ac683816ffb9c24073159f0e04ec60cc5d90cb99776dceae9a5d2b039ce6a8acad3294d8691456d03b38a80816ab1f0fc534f2dcfcf82b68e3bdda39edd98b08e0f8c10dc18d52f089a3eb1996edffad6b7be9751796bd87ae9a5f36337a94fa293213df6793f897c67389b51a26efdd4a9853b37ee005b445af06cb7ddedc36db0bc1441c524093cb900d310c6a29a1ef62608c8cffcdc675ffdeaab3ccd938570f0ba444ea208455423c787881c4b2b407d98126c2008f835b968162742a1bababb79b764905b81518688707fd08f02aa90cf2754881c9c98131d1e69ca177190f4bbbd6cbec8b03c4a964bd8f1d884fc72230f8c2c508c63c73617737061a6cf66f2fdc6b89c92576673594d74e131c97543c8100a1621f5f2cbef8f687bff78d473e29896650acd8d1595cba8624a0c17cb6241a4666b8577debb75dcb2ef6db5da6672d2a7da13c604665b4e2689737a6ad8a8b78e6fdebf75bddb19b69b1dcf8f760e4ef64f5a14c976c68bbcc96460d9a6138314d5dacccc732f5e7cfe852b3245557299e5998aac0808a56939c08a20496851a138448c2cb681df06e40185916180078a95ed44aacd2fdcbdf5f6c2da1c2b528aa6f90e14478cf1e678ec14827c0ff64ff4746a7aa37142b349a3dd28e64bc033643086a4dd87572f49843e7838907aa35ed432aa9119da4ebfd508816e236b663e7b503f94d41c8437b97c4fd66a06d2998d4bb0be642dbbefa76476a99c59286b333963b69a4d017b384a1013c8dd667f7ceffe61363717b399c9c8d9db7c28276145573491868c84c5e936b6048e6bb707186a585c9a4e5449413a1054f75ddb3413b89488e2196e6571197ac5001c0b62b15caacdcdaeaeaf1b2903588b4e8b023c3b492a813caf067fd0657493fc41b0b8044927a70c63efe1cd5c4a316d6f349c4451321c8cb12d844b001d0ead8fb0431a24d0ab1354a8659ab001c3411fc03486edb6c7f5c661bd7e583f39ecc3d9d0497fd81b0eba963dd275f9a47e02b717466381975946481912bdbe710a344f05e9bff0891f15c5209b4ac361eb0a5fc86ae5a579a3324331d3d5ba542253b011f25bb71f7de50fdf595939e724f0124eb77e90d58552a12ae98a13c627db3b59a999f8c34aa9b4bb751fd824907b70992070d168cb326100355187205c5c5e6538ceb34d14e6d0725b83312a103951adcd00fa7676f76edeb9b37b7442169013422400afaa2a02a8c822cc932103d3b290059ed323225bd46972fb1443aed1918046f074d885ac5086e324fc8f3ae6410054c8c8aa8c4e015a203b44729b08218ee9c048804b5400b9c385a5250e1ee4cfbce8d5f5b3b0e574685c3c77e1e2c5c533738b592d63e869d9d0fd541a164e56544111f4b4a472d0636c1853fff0effeead9b5336432970e4e8e8f86030b5c8443446102f4d093034170e2802277247a014344434091b5cf1ec300d8289155975697a098f1c9c4f177760f0f0eebd599f9cb4f3ce5fa26a04157f59dddfd9dfdfdcf7efeafcc2c9e46097fbfb1ff3fbce224486cc7022ef9c83dc77560a760d36d87aca3b1e1d73d2ff04db86afc06f83f7629aa37b62c67c2a22a10acf30ce3849e54ab543ffff33fbe3e338fcef447be606459a3c44bbaa10173fd301c0fbd3199f6cd66defbee1b4e6fa8c969239fee8ebddb9b87c7ad26cdbb957ca6868dbd1d3a717d17ecc393f51f09c50a185b042df47cc024ab1b859595051415dab479005bd159985d9004399f2da44b0a2acc322d20a91778bdf1245b987fe7c6ad896dd2e489376c1879f8b21dc01aa0832cc4277df67dfc161003494fee888e12a43045d62c61fcc003be0be74491953de4f941f00df807a00069eb792c79ec86800d8854222909aa00d6b364a13ee824092a65b1deeec4be52cc15e98db5b334e78cbab12e67ffe6dffc2f53d0a4995ca6581a8dede383e6d6fd3bc7079b12e7e632f2f2cc82aacaa9941144fe783c42a64a9a1eb252df72c852347b28c67668b5d9904ca1c07f4defc3e434f8099f7c1226b163dbf00692a4a4732944add51cbd7b73131e4557c56ab9846a4ad8504bc1d1eb0c0faa1aeb7a265bacfdce1f7cfde0a477f5eadbed564352a0cb8650284288ba23b7ae021311125a407d6941009826d777a6be1d618d50b514ed223864be9fe110afe914168dc6408344b18b1a4d2995f7bdfc82eb7549154be1d7befeed3881520149b282e46532a9c6c918759cce65c862369a8d3c27b626ee134f5c5a585e3f3c3efa8d7ff67ffee35ffdd59bdffbcad31766cf6dccbdf0f4c5d5f9391da1872087341af6f8840a4052542cd13eeb8de9512b1ab4fdc9d0b32c34833c224b948021d97c011c1f04beed929b8d61896dc781d51364bed31b1c355ae54a259fcb28a2605be3d9d95a2e9539383c5253e97aa7e30641bbddb9b3f9e085975e0ea3e0e9175f5c3f7ff1dddb777c9af669085d3161999821f77d4e1f67c28464ddfe741d2d15228b618cc85a8a44f09072d395982eb4350c24a42af6e0e0b2406c1c1d8b4914bdf4f2d333b3f99ca1968be9e671cfb3c85dde310f1e0a655df582585634b2848b6416ef0e3ba13b89fed6dffec297ffafdf7974ff0e1d072b8b4bffe9cf7e7c75b14227ac63bb280d2fa11c97ac89466b2468179a2c490f02c773262878381a58783d9d89019d814b2e28ea3a4e3041128efa802f4e14d037c032cdf15e14b48776afef2dcc2e66525ab90c3678b4303f87da68753b462edb1f8f50f2954a09e2c60fe90b172e5fbbb7a5a6c1988bbff84bbfb4b5ffb022cb481c58652855f88c108598b050acf831005ed231e09b3cae2681d52451c2a63192228ca4e9da8a98f8f7984a0488ba3874e7e6f34f3d7dbe5628ed1f3cf8ce776e9b1396e23c87222ba91d97ac2d26170980d81b6be768de9ef4a8d0a38b456debd1e69317cfacd44acf3e71a19a336481473c90e72640cec39020bcd0b03e189df53d820a49e0a006c97025f23442d3199960ea4e78f0f46838705d4b9024a4401005a689bde8ee68bcdf80528d613ecae53ccf32572e5d849f6cb60f9717977459f509d0ba6a0ae75786a349af373c7be5c9bb8f0e38397be1a9677ef13fffabf5ad473cb9959eb48798179a27f7b010de9bde9acc5161ec4c273924c573507401c5508200f728c402891db2107b45002748dd209b55e3d83fb576bad9ddeb76ede130485893dc15026c03a040dab370111cbdbe7e1a7bf47be6a0332a640c8d4f3ef99117ceaeccc9923cbd879ee4332c4b18c602030f0103416e77c29b288204049a92ab45b0b69aa22b2ab99aa06b1ab999280c216de0a3278e033b4c66e2e3a03d180ecdc0f7f94e7f30301d3fa20d18775587338777fee18fbeb2beb6f6cedb5717666b6b8b2baeef6fee3d02795dba70796f67afd53773c5dac03263819e5f59fabb7febbf9d0cfbe0fde943f412682fe0634c5b8aa44d1c41d1d3a10febe2b1a14ba2c7b2c46693470408711803bf44598ec0d6a0a130906571623a1425ced7665889be71e76e2693a955b339c81196a9d5aa2e98d172d2a934bd7aea14726e3418369b2d8d57004e2f3cb5b13493972483dc721ada0c1d788e072b8b78911b3148d1933790e3804a1893743a4d2e134c67a050adf888c84fdb8107343d62132074ddc90069bf75581f99388a886c4533c9dadd84c788a734230a6c45e632e9bc2052c81845529f7ef6d9913dfefa57bffed2732f6452e99b37b7bbc3c14b1f7cb1b658eb0e3ba34e3fad089e3342b072c542abde45d1b97e03c9df684537ef6dc1b7bef4f46595091b8336da09c444b2c340c269371bddb595d5feb00ba5023feefbf19b6fde1a8ec2b96ae9c213975e7bfd9b9ffcd8fb359e5e5d5eef90ab70441502c75d18e95c21074a01bbda163cad776a7e61ae96cbe852afdb836ca350d0ae4dd66d10ab8eb17025590c2307f588f15214058143b62389403f68d3f4e20a0f2103298aac1b4eec890d76773abde1ee61db0f591132d223772b49aad6ee741356727ce4295ba8d67845b979ef41b3db85d7b97ef3fee6d656b3db5a5a5dffe6b7dfd83b3ace17aac0986ffcc9d72f5cbcf00b9fff85ac96bb7dedcd0ba79799c456241a5abadf692fcc1544969fc3a198f8607fa752cacdcf560c621fa8f595a54ee3646ea68cf79a24e9aa3c3f5b1cf41aa635827bdfdeda0b3d6665754691a59952f1c9334b459de90f070ab9738cedb55a50653333153657ccc2cc7bae3f9e8c048a3db7bab43a5f020f806e1dc7a559b4308ac2101b40d100113cd785f1408c004910c440add178649a662a95825b1245d1b22c98b7c908f6c2a258093eafd7eb35ba135602de938b84e4f18b9e878c18db0eb28b67054842d0e5ccfcfc732fbe8cf0eeeeedd566e6fabde1c1c11e592c9f4adfbab7593f6e168b45482b80c6277ff4a7cab3730a173fba7fb354c8b79a7573349ea9cdc4915bc894eedfbd93cdea8a61dcdbdc3c73eebcca47e5620ed151146176a61a052e60b1522ad44f0e8aa5229d801492f9f9f995c545c8c97e6f3007db552904fe2495d191018b8bcbd94c2ea195cdcd43365fc8d014838c30cd8926291f79f9c5524177cda163391145c35b38b6391c0c7c0f265e2397a0126a349ab064ea1742a935f55c231439f20b816bb7db0076a84d6c8faf7aab7fd26c9b136fe2530c2fdaf6d0b22db2dc0bc9e6070c2c4612199a4633dcc49c0c87bd85c585cffddccfae2e2facae2c3ffbe453dd46676f779f42ec790163d5eb753299f4e7ffcacf2faf2f412bd596667736ef48bca4a540c131cbc2026b132b9ca955abb3d547fbc7ddb1e54531744fbbd3011140b84011cccecd41b57407035993612707bd214505855cfae9679f481bfc68e40e466ecc30b5d9f26832747db23cf1e0b80995b3f9e83e9b2e14597837287dd35a2cd7e6aa2988a2eded6d27f66099a01b3a9d0174c960384ea7140fd4e79934a09f4adc51e0da1e142f800643ca004b3d0f32b13f18bb36b96bbedeedf506c4b95a9ce387d404d681e6f1a3244b3e79a420b61523503b0f950ae808cd71f7f8e8e0173fff0b57ae5cdede7ac488dca73efd236b8bcb6fbf79f5ca1397db9301a23cbbb4b6b1b1d66d1ea4f5e4787f3fa6a57e7714a190134a51c4fe60889c2a14537bbb5ba7375691506f5ffd4e1027e5ca022ca1634d26b0cbad91397204419a98c36c3a93d1d3baa65bb62d898c436e9bb64e9d5eef773b73d539700ec730b6456e78adcd56b4ac4e16864c31cb4729055ea829e26830f2828061195516c6307e138b4a78454ed14ce806c8100c34875a732d4755155112e1ed41d650c4a6e58fc9f23b0738d5ea8f2d1fce9be164dd4f62493492984c8c9c39b5a1ebcafcfc8c0fc10615e17911ac16ec2c4091e37a83c11b6fbcf1377ee5efd049b4bbbfd7ef77ae3c71e9477ef42f2096fde1646e66617961de34519ebb9b0fb7ee6f1fec1fd677f7f60119a3616f66a6569b01165740bed35ba4f9a5a5393af1bef6cd3733d9522603d73df5e38436d932b470de90442e6d18a974ba371c4229069ed51974654d1f8d06f3735532bb1f04d54a4d01aae90019934cd180ef5d78467344dc10275864d936c69cf63dd3754cc709a156445e772337225601f441208ce73941e447933199324f98b1e5f686e6c8844460fa365401efc44cba581d9a8e2ca8abcbcb3c15a754f9f2f9b39ac4168b390818f80f1a2916d8c8e0284e4459e57806a47ced9db7fffadff86fb61e3daa378f760ef63b835e7fd0759de8fd2f3cffbe979ecd648dad839df6c01e9ade08a67132d9585d2e17b3e55259948556ab7174dcce674b10a171e46dac2f79b1f427afbe069975faec695111154d84809165a99033b2690338dbeef4d0f16a798e65bdb55367402692c4afae2ef901a0c9946595544c42bff9d63be4b90e5072ee34b320973b234b97542093e3fad04d606bf4c18fc3813964a06a78de022099365019d11e0cc683fe883c378ea60e1b4763d386721d9a26c7ab6e10834c8713385e3bb17c5548962bd9b9423e7026a0549ea78057aaa8964b29db19f7fba310ede545223f387eebd1eeedeb779e7bfe450c786732a9373b8eed53115bc9673796e6ee3fbcc76a5aaf0b0117341a27e6a8ffd4950ba55c7a7a7f2979b6822c6b8ee374bbed723eb7383b0bdd6e4dc66f5f7de7deddcd62a9ac678d3864eac7f5c96478ffee7dc401b5b8b8b8d06c9f20ebbc109288d9deded714a558cc168b25e01d9203a178ee99a74866a10c61dd4cf2f069420eae6573e421386144c7a02d68a2c164e4424fcb2a4a70d41fa9aa065643c661e3de60ecf9e4c2c9c8026e7b03b252c484ed84ec3789b28fa2204cf1f2a533cb674f2f7210d911328facc943cbc0b6a994b2b4b8d069f78174e4d14f740c008396db7cb83d1e4d0ac5526f307a6c55780656983adadfb9b579e7a0d9e8b4ba8d93e321e442adf0cc13176549c8170ac87b0eb65492e091c14ae48196e4f15be199536ba87273645f7df3ddfbdb5baa922e15cbae693fdcdcaa56aaaa261b69ad8eb89b934a75a9deee1f1e1c9c3b7b3e95529bcd6ebbdd2d964b12140493b0851cc92cdff3416b7843c1cc24f0f17003826ddb703ae439de0e085e4c0942e3a8a52806a0eab8710851d60361009f62ae37321d379e4c20fd128e155c2fb47ccf8d9394914babb95c4e7bf299339cc0743b433d9bcb94b29a0e57ce64b21aa00ab06af00ac9491464147122797c6bc8d0bb07fb836e3b4dd64af064b14d689dd4ebf7768f8eda8d66eb6460c1bab95981bd7c7acdd0d54ca9a4e90541d24a951a80a3d53c91b86475650188268bc2dc5c5596b862a9d469f52c9fb9fbf0d1eec1512e5386b0585a9ee312df1c8f1d9fd20deef0b80f9bb5b054e9b6462caf986672f3f6c3e3939395e5a5e5f985e923a168da23c19a40499249420a5234d4340d420a511b9be3980a0499879e8a690eee6f38eafba13f712c143f7910640c8d66c19745f0a70c07630144873280c7cfeaa971aff5e10f3d95d239cbec43856dacafa0064bf95c4a03770b8068cff5f2c542be544aa58d66bbe598132aa2641e59cc373b8d7aabd9ed4342d49bad7eb7678e460e798404b9d81ca525eef2b9f5f3674e650aa5e73ff8e95c7931539e978d6ca1545d5c5e914569efe0a83c378f841a0e86c78d631942747e4694e85c31d71e0eb70e8e6edf7d8021bd70e10a9024f46cf003cfa7da83aea68ac3c1b8365304711bb06f9a06bf93cb185380a769548469da24526426880a610b4181a2e678e4b670324f160531458b92e6f9d1c89c0461602313a2c40b22370c2d1bec4dae3346d8954e7c203e459eb66208dcd3174e9d3e55030e93d5fd1a524a07207ab6b5beb430689dc0cdbb81579ead1207ea9a99b48e209278114bcab0b0f11ec2ee40d7e068e4311c646e73f2e4a50b7c123dffc4f90ba7e693d83b75e66269e114b9f19de016b904046cbdf3debb0f1e6e1e375a0a2f2749cc4b5cbe98474d2822993e40655fbc74259b49dfbff7706bfb044c0a974dc3230f7dcb360d43be77fbc1defe3eb636525a2a652892cc50218295631804cb3361eb48acc82989f583c424f2854c18f961e2fb5442ac3c0d45ea626bdf37add07623fc8adcbb9d50e4217b0acb899420d19ca6f8c82e2f3678f6933ff4a22890dbeb5d3b2895c1ec33d6d0cec39406c162b50a473bb4ad984db2483589eff74fe6aab9d96ad50437f7c66108130c39198a182fdf016e1473a9f5851ae54f3ef281579ebabc3157cb2083ce5e7c825373d07ef882e520ba99a2fd51a7d33a198f07290448150032142d005731ca462623f2fcddebd7739afcf4334f3fd83eeef4bb0c0b171b437d477404ddd769769716cecfce97c95dc58085c0cfa652085691a258cf7b1c2c86641571cbb040383983131922e22b71829c50014b53382b0b3befba410419959015f8140808d69d554446964474ae33f0467d2b72bc9ffcf40fcf55b3dde10438a41929a02f4af5d1c347294586249a4cdc5b0f360f812faaf4e0fee66ca1924e4b103ef0baa8887cd6c81a525a93d716e79ebc747661be727a6de9dceaca07dff7a2698e5a9dc6c5b36798285c5b5f7203534d6781edc8468a0e29e8db5663fbc19dc8776ac5fc703c11659161b9e16002aef09d309d4ac31e3254542ee59924ce556a7777f7d756e6d796979bed4eb1940f7db7d3eec922862f81b817c88526a1d36c2158059a66a19ba05ea778350d167931317223b473ba9ccec88a4a567d92a7f6b009946442eeb0646981e1395ae65955e05485957816b5ba7fd29f9849ecc7cf3d71e1631f7ebedd3c3ca9774e9f3e35373773727c6cbbcedafab265920b65c7adeeecca1231b5aa96d6b319235daaa4514202cb57a1c4b2ca95f36b6756d71666ab9994bcb454dd589c7bf6c9cb9e6b6f3e7c505828711477e9cc0560902024567fb0fd68bb98cf53947bfdead7b71fdeae940bb022bee362383543cfa40dd4034bf369230bea1f0cfb85523e85a8c9bc1d0487ddc14ab568999366bb094110fae436838df535f2c08f08d1e7a03a51e66c3e9723a214d2c11c3f06f7c791229308081ba0da735165b222c531d2d824d44f639c784582da67413a290523470b126706f14ebd37f41236620d89fbfccffe274c6cb25cb0bab206baa99441c1258cc3e6e6dd479bf73949583b73a6d3ef0431ddee0e575656e228f4693f9dca503e65489a21c9be67a7525a36a51573b97c4eab16b35c1c0a5c7ce9f29941103ddc7c043f10b86e12041022ad66d31a0f1fde7acfb63b999c8a984273fb3ea8c683a99c9dad914bca2c3fb1ed76b7b5b8b0a029eadede8eae0847adce61a35d4ec18c48507ce97406028720202778f6a4542a2272ed4effa4d5476665199a7288911e43a73c4e2b72d98c844c6469354a606e4273e459a38108404e629165538a0aed5a4809aacc02775851f022fad6a36337041a6881d5fbf42b2fbef8c49930b0045984d187e0b22c80b3d7aad7a1e32f9e3dbdb4b4d8eaf41443812f3a386ceeedeeeeed6d9d3430b0fce141fdf8a43b37bfb0385703dc7ef0431f02508279917a0fefdd1b8e4646c6f8b5ffe3371cd7abcece71643574d4e9f690e4e6a43f5fa97a9e85c4bf737b531295fed0b45d5b55c5543a05b481684ac8dd1cf042ac635bc787473cc74edcb8d91fcfe652103d8e1b40e889a2542a55ebede6a9f555e826455641c1e49901f9e29fce3a909b727e102cf28443e0564479b440f34222f38c0e4c88a3bcaee47445e6b8b2aee5527c2aa3879cdc1ada371f1e458c4196107871294dfddc4f7fdaea36a13579454f22bb56ab41496c6fef5181bfb1306f4c9f600f661035f9b8d13bae775f7ee9a595e5d95a6df9fe839d6f7df75d8fe62130e7e72a4656df3f3c86ee7de3ea7b1c232e2dad436448bab13abf82ecde6f340ac51cc4e0bbefde8c59343d41a2f53b7d49d04f4eda601c9829c2e4086718c05d8dc6a61747b22806ae37190e554907830ccc10f24b63c87fad00a9042e8576dedada9a78eeeed64389618b85922cc9295d9f5edd61fe3458249d1e078b7c9b3e3124897c9ea6d03941002c72ba2a8a2c67688621caf83111e4bb7bf5fbdb0d722914700f8d15d9bff4b39f3e7f76757f7f9f6751a012274b95424e5504480d8e137df29034ebe1c1d1f55bb7efed9c54ab0b2a11c85c2645444ce8c5eb6babb9ace40576b6349b4ea5b6770fefed1e5f38737a69b192ce09e0bbbbb7ef98ee58d4530f770f2425451609c4e1d2f252a1508c28ca0e7c7418458511b75d73d0e8413ae7b205d812dbb6c8527849824e640406d8932b94ea8d01d2279b567939e5071e20980e9394ac419fcfcd4252f09a2ee3f84914409402e0ffe3ccfa8f834596ce22d7c88a218a9250f16c02c8d05459e0c5041967c80f8f1ad7eeef3312eb051e452900ff4ba7173ff1d1978e8ef7718c74ae30bfb824c36b925b6a46f71f3ee01479e8da7d739c8366c966175737eedeb933ec75b2e914cfb2f7361f62544ba5ec4750c52f3d757c78b0b7bd75f7eee6fdcd1d4de19797e72ad5caf1491d9032980c584e7ef7dddb51c87014605b3e383c8255244a08eecd73efdebdbbb7bf5b2997c6a693caa628963c39c70f033853306618f9187372b5250c5925bdb5b3276b2acbd2b28c21870a1c07a15f281b4f3c71696eaef6f0e17dc7b414ed07a2f4cf050b919afe45a812f8122621cf41228f0563e0dd508d84b26855befee0d1bb0f0f60bf00e980099a92e0267ff1739f02bca5d2fa134f5e1e5b0e6ac07506b3956a1c27955a25552e925b22f7f6e766e69e7af2694d538b855c854ca29f80c5754d9fa956744d4a12a7944f8376d7d6372e5d7a4ae4b8cb97cf60d83bdd01e06163fd5404ff786ff3c9a79efbe3afbeb6b4bca283d5581e0c41d6a8063e9068d8ef6baa02a47193484be9f5fa89a629603fcb19837781a1c3e110a9e024d4fd47476f5fbb218ac2cc6c5194d147f8d7209bcd3ef3e215862c0ff610f1e595f5c323221d1e2b78e7cf068b2c89781c2c100d0dc540328d86978dc8a3c6d89119dcbaf7f0a0376438711a26420871687df8f90b1f7fff4b4b33d573a7d631ce60eb7abdeec2a5f4ecfbf7b676f7774dcb79f460fbc5e75e28954bd7ae5f2fe5f322cf8e7a7dcfb6d3ba96309ea12b38eb70d007dcdeb9b73376e3edbdfd6aad98d0dec1c1c1e161f3f8a87efbde9dddbd8353eb6bc7077b7eecdfb87dbb5c289f3f7f767ea60a420c884a6ac39b1e1f1dcdcecd481a205642652ccfcff65b6d2815b2fe3d485aad3e2cd4f5eb9bb613673399d999a22070922c1c1eee2f2d2c15f2055985a2f2a68ff08b8380e6a0b9112cc4652a4aff3458f84ebef017c182b0005d7230338204ef0762ab7786adfe308ec80a78725d970eb85806f69773c9cffcd80f198c3653cab75a0d085473e2d42a5598808c5ef4bc78ecda997466b13adfebf6211f055965a8607f775b478d718c24f27373b9f170ecbbc1daf2dacd9bf74b736bfff4377f7373fbe133cf5ce4f904cab65eef42b74cccf1eaca1955e6a127bcd0abcecd7ce7f5b7f0a1061da908303118ea52216f4eccb5b5b56c2eafcaf2a0d37978e78e240a8a91f6e0cd420a26ff894b4f37db23db099e7be68ae7f483882c978759d0344381f44b21350dd3f44603137c7d7874f2fdccf2bc603241b0a6ff271cb94d770a58a0c484fc871414c7418682474ccf279585e331ac4fee27a1c8255d04923c6cdefff8cb2fadcccca45501e0516fb61b8dbec4cbcec4162876edccc5a37edf067651712e9bf7bdb071dc0a42fafe9d1b805b96e55218db8505600ddc235421c888e6e9ddc3472f3c7be5d29975c0994849c3fe906263d31edd7fb4e98fbc72b930b7389b8409f03893cfbefeda77e056cf5c3c6d8ead340c31eb1fedefa50bb07d6532b9c470d952b6b6500550238f86e3b19a369073df7eef06a3f229ce3f396ecb86eeda663e9da659de4fd878047413753d7fedbd3bd02e67ceacfe69b0c8ac034204154ab289142079f03b797e23720b9f85a0df087c8f38121483bea3402fc840e2c4e2d09bcb653ef9c31f2c15d2592355ac9600a4efbc7b4d9264d012974afde6bff8d2f7de7c33f4bd623ecb9227a6584f3ffde4dac6dab9d36b8a2a0304daed0e3c3652acdfeb430d41f77de0fd1fcc65b2eec45e9a9be769b6d36d97cb45db328f0f0f2f5fb8b03a3787b316f21959e2211d9fbb78191471edda7bf736b755595b5b59563525572a8749d2ec764581cc2867b32951e42906de2e6058de761c4dcdddbcbbc3b009174f8a9572480b0023b0176cee703028e57328fb3ff9e66bb5999997dfffd2c6c6d29f0916b4e8e33244b0f00f4391a70a835c104098ed18717b5ca1d36b3ce40ee7295792fc8aa31ffbf88737d6e7b2868a72b63c67efe0a054aee40ac5d7bff346796e01008c0c79fe99276be5e2d2c22c4fd377eedcae379180c75bdbdb820460d12dc73a3ad89f4cac858525e43feabed76943e0c06340a4e27c38f1cad232fcc7f953a7c1c8ba41c24ba6255c8b822aa188706359e9f8a4e105aea2e90008d02984167403984414398c242caae3faed5607c895ce55dfbe712f9796387f42cbbae952e678b8385f23cbe544f2bc0690d2c8b4202fc2d89335f9cf058bacf925d1225f880e593b81af90c291c9a4f9e3384e43467114b9bd12efc0776796179eb9744a9539cfb1b0e9adbb77144d83eb1c8fc75074c366fbdc9905594ee078e6e766c059e67014c7f1e2f292694f60dca08f2cdbba70f1e2a0d725cda0385194555569f53a20276afa0c0d5911babdb6cc0b937e3ff4dcced8ecf4c69617aa8636b6ad98161eee6c2eaf2c1e1dd59757d6f60f4f0ac5a2ef3951e099aedb68b4c290fcd728500cc7f5c6f41a68d4eb0f50c15b878769957586bdf2fc9901f192e6eadc2cb403e455af3bc086c8962026b72f1c1efe00b3a6d28178c3690d7e3f83f0173f9245d3e40b7a1e70864dc8e74050a2c4c812f94063988fbdffd9995246d715d731a12ddcc8854dd574032ea1582ce635a35c2c82ad8f8ff7b7b7b701e1f737ef2f2e2f40b7f1a270ffee5d9661ba9dcecd1b3786dd91e305f9725992659489e3790f36b7c66313066030e8d26184aa2b653312c71cf647fbc727aa961224c1f3dca5c5f954cad8dad94d2806b148150b838939572ed189d71f7933b30b0ccbeeec6d21825198e0b8811fe68b85065c62ab57c8aab065e914b9e0345b2d2611cada048d8ced3159d51185aa6eb84194cd16fee36099445091ff008023a5455089dcdf4794018a10118ac93d04881737fd9c5cbf673936093efaeca50fbd7825704d8aace509744d8d13b2544460859461ec6eef3cda7ff4ee8d3bb942157bf09cd03869e50b196c8b5a43634bc5c293579e383c38006da4f534b0835344cb3203cf9fa9ced8131f84605913c428abe9b51cdc4e7e680d8f07034dd1b00b320f9dab6432bd769fe7445ee04ef60f684d75e3646366269b576d9ff57c776d6d99e5c94aced1d859a8ce6ede7f30188f6c3fe976c63333c5ea6c6edcb65cd786b845b755cdc8e72bb2a16a64213e9329e4817dbdeee0ff064040e944f5890a390000000049454e44ae426082);

--
-- Constraints for dumped tables
--

--
-- Limitadores para a tabela `chamadas`
--
ALTER TABLE `chamadas`
  ADD CONSTRAINT `FK_Ramal_Chamada` FOREIGN KEY (`ramal`) REFERENCES `ramais` (`numero`),
  ADD CONSTRAINT `FK_Telefone_Chamada` FOREIGN KEY (`telefone`) REFERENCES `telefones` (`prefixo`) ON DELETE NO ACTION ON UPDATE NO ACTION;

--
-- Limitadores para a tabela `ramais`
--
ALTER TABLE `ramais`
  ADD CONSTRAINT `FK_Telefone_Ramal` FOREIGN KEY (`prefixo`) REFERENCES `telefones` (`prefixo`) ON UPDATE CASCADE,
  ADD CONSTRAINT `FK_Usuario_Ramal` FOREIGN KEY (`responsavel`) REFERENCES `usuarios` (`u_id`) ON UPDATE CASCADE;

/*!40101 SET CHARACTER_SET_CLIENT=@OLD_CHARACTER_SET_CLIENT */;
/*!40101 SET CHARACTER_SET_RESULTS=@OLD_CHARACTER_SET_RESULTS */;
/*!40101 SET COLLATION_CONNECTION=@OLD_COLLATION_CONNECTION */;
